bodyMass,mu,sigma,nu
40.0,181.3470018,0.073892349,8.756029935
40.1,181.7240122,0.073898557,8.745497027
40.2,182.1018063,0.073904765,8.734990353
40.3,182.4803859,0.073910973,8.724509783
40.4,182.8597525,0.073917183,8.714055187
40.5,183.2399078,0.073923392,8.703626437
40.6,183.6208534,0.073929602,8.693223405
40.7,184.002591,0.073935813,8.682845965
40.8,184.3851222,0.073942024,8.672493991
40.9,184.7684487,0.073948236,8.662167358
41.0,185.1525721,0.073954448,8.651865943
41.1,185.537494,0.073960661,8.641589623
41.2,185.9232162,0.073966874,8.631338276
41.3,186.3097402,0.073973088,8.621111781
41.4,186.6970679,0.073979302,8.610910017
41.5,187.0852007,0.073985517,8.600732865
41.6,187.4741405,0.073991732,8.590580207
41.7,187.8638889,0.073997948,8.580451925
41.8,188.2544475,0.074004164,8.570347903
41.9,188.645818,0.074010381,8.560268024
42.0,189.0380022,0.074016599,8.550212174
42.1,189.4310018,0.074022816,8.540180237
42.2,189.8248183,0.074029035,8.530172101
42.3,190.2194536,0.074035254,8.520187653
42.4,190.6149093,0.074041473,8.510226781
42.5,191.0111872,0.074047693,8.500289374
42.6,191.4082888,0.074053914,8.490375322
42.7,191.8062161,0.074060135,8.480484515
42.8,192.2049706,0.074066357,8.470616844
42.9,192.6045541,0.074072579,8.460772202
43.0,193.0049683,0.074078801,8.450950481
43.1,193.4062149,0.074085025,8.441151574
43.2,193.8082957,0.074091248,8.431375377
43.3,194.2112124,0.074097473,8.421621783
43.4,194.6149668,0.074103697,8.41189069
43.5,195.0195605,0.074109922,8.402181992
43.6,195.4249954,0.074116148,8.392495587
43.7,195.8312731,0.074122375,8.382831374
43.8,196.2383955,0.074128601,8.37318925
43.9,196.6463642,0.074134829,8.363569115
44.0,197.0551811,0.074141057,8.353970869
44.1,197.4648479,0.074147285,8.344394413
44.2,197.8753664,0.074153514,8.334839647
44.3,198.2867384,0.074159743,8.325306474
44.4,198.6989655,0.074165973,8.315794796
44.5,199.1120496,0.074172204,8.306304517
44.6,199.5259926,0.074178435,8.29683554
44.7,199.9407961,0.074184666,8.287387771
44.8,200.3564619,0.074190898,8.277961114
44.9,200.7729919,0.074197131,8.268555475
45.0,201.1903878,0.074203364,8.25917076
45.1,201.6086515,0.074209598,8.249806878
45.2,202.0277847,0.074215832,8.240463735
45.3,202.4477893,0.074222067,8.23114124
45.4,202.868667,0.074228302,8.221839302
45.5,203.2904197,0.074234537,8.21255783
45.6,203.7130493,0.074240774,8.203296734
45.7,204.1365574,0.07424701,8.194055926
45.8,204.560946,0.074253248,8.184835316
45.9,204.9862169,0.074259486,8.175634817
46.0,205.4123719,0.074265724,8.16645434
46.1,205.8394128,0.074271963,8.157293799
46.2,206.2673415,0.074278202,8.148153108
46.3,206.6961599,0.074284442,8.139032181
46.4,207.1258698,0.074290683,8.129930932
46.5,207.556473,0.074296924,8.120849276
46.6,207.9879714,0.074303165,8.11178713
46.7,208.4203669,0.074309407,8.10274441
46.8,208.8536613,0.07431565,8.093721033
46.9,209.2878565,0.074321893,8.084716916
47.0,209.7229543,0.074328136,8.075731977
47.1,210.1589567,0.07433438,8.066766134
47.2,210.5958656,0.074340625,8.057819307
47.3,211.0336827,0.07434687,8.048891415
47.4,211.4724101,0.074353116,8.039982379
47.5,211.9120495,0.074359362,8.031092118
47.6,212.3526029,0.074365609,8.022220553
47.7,212.7940722,0.074371856,8.013367607
47.8,213.2364593,0.074378104,8.004533201
47.9,213.6797661,0.074384352,7.995717258
48.0,214.1239945,0.074390601,7.9869197
48.1,214.5691464,0.07439685,7.978140452
48.2,215.0152238,0.0744031,7.969379437
48.3,215.4622285,0.074409351,7.960636579
48.4,215.9101625,0.074415601,7.951911804
48.5,216.3590278,0.074421853,7.943205036
48.6,216.8088262,0.074428105,7.934516203
48.7,217.2595598,0.074434357,7.925845229
48.8,217.7112304,0.07444061,7.917192041
48.9,218.16384,0.074446864,7.908556568
49.0,218.6173905,0.074453118,7.899938736
49.1,219.0718839,0.074459373,7.891338473
49.2,219.5273223,0.074465628,7.882755709
49.3,219.9837074,0.074471883,7.874190371
49.4,220.4410413,0.07447814,7.86564239
49.5,220.8993261,0.074484396,7.857111695
49.6,221.3585635,0.074490654,7.848598216
49.7,221.8187557,0.074496911,7.840101884
49.8,222.2799046,0.07450317,7.831622631
49.9,222.7420122,0.074509428,7.823160386
50.0,223.2050805,0.074515688,7.814715084
50.1,223.6691115,0.074521948,7.806286655
50.2,224.1341072,0.074528208,7.797875032
50.3,224.6000696,0.074534469,7.789480149
50.4,225.0670007,0.07454073,7.781101939
50.5,225.5349026,0.074546992,7.772740336
50.6,226.0037771,0.074553255,7.764395275
50.7,226.4736265,0.074559518,7.756066689
50.8,226.9444526,0.074565781,7.747754514
50.9,227.4162575,0.074572046,7.739458686
51.0,227.8890433,0.07457831,7.73117914
51.1,228.362812,0.074584575,7.722915812
51.2,228.8375657,0.074590841,7.71466864
51.3,229.3133063,0.074597107,7.70643756
51.4,229.790036,0.074603374,7.698222509
51.5,230.2677567,0.074609641,7.690023425
51.6,230.7464706,0.074615909,7.681840246
51.7,231.2261798,0.074622177,7.673672911
51.8,231.7068862,0.074628446,7.665521358
51.9,232.188592,0.074634715,7.657385527
52.0,232.6712992,0.074640985,7.649265356
52.1,233.1550099,0.074647255,7.641160786
52.2,233.6397263,0.074653526,7.633071757
52.3,234.1254503,0.074659798,7.62499821
52.4,234.6121842,0.07466607,7.616940084
52.5,235.0999299,0.074672342,7.608897323
52.6,235.5886896,0.074678615,7.600869866
52.7,236.0784655,0.074684889,7.592857656
52.8,236.5692595,0.074691163,7.584860635
52.9,237.0610739,0.074697438,7.576878745
53.0,237.5539108,0.074703713,7.56891193
53.1,238.0477722,0.074709988,7.560960133
53.2,238.5426572,0.074716265,7.553023296
53.3,239.0385175,0.074722541,7.545101365
53.4,239.535268,0.074728819,7.537194282
53.5,240.0328221,0.074735096,7.529301993
53.6,240.5310922,0.074741375,7.521424442
53.7,241.0299902,0.074747653,7.513561574
53.8,241.5294271,0.074753933,7.505713335
53.9,242.0293133,0.074760213,7.49787967
54.0,242.5295583,0.074766493,7.490060526
54.1,243.0300711,0.074772774,7.482255848
54.2,243.5307805,0.074779055,7.474465583
54.3,244.0316979,0.074785337,7.466689678
54.4,244.532856,0.07479162,7.45892808
54.5,245.0342873,0.074797903,7.451180736
54.6,245.5359996,0.074804186,7.443447595
54.7,246.0379202,0.074810471,7.435728604
54.8,246.5400214,0.074816755,7.428023712
54.9,247.0422751,0.07482304,7.420332867
55.0,247.544653,0.074829326,7.412656018
55.1,248.0471266,0.074835612,7.404993115
55.2,248.5496674,0.074841899,7.397344105
55.3,249.0522464,0.074848186,7.389708941
55.4,249.5548345,0.074854474,7.382087571
55.5,250.0574024,0.074860762,7.374479945
55.6,250.5599206,0.074867051,7.366886014
55.7,251.0623593,0.07487334,7.35930573
55.8,251.5646887,0.07487963,7.351739042
55.9,252.0668785,0.07488592,7.344185902
56.0,252.5688983,0.074892211,7.336646262
56.1,253.0707177,0.074898503,7.329120074
56.2,253.5723059,0.074904795,7.32160729
56.3,254.0736317,0.074911087,7.314107862
56.4,254.5746641,0.07491738,7.306621742
56.5,255.0753716,0.074923674,7.299148884
56.6,255.5757225,0.074929968,7.29168924
56.7,256.0756852,0.074936262,7.284242765
56.8,256.5752274,0.074942557,7.276809411
56.9,257.074317,0.074948853,7.269389132
57.0,257.5729216,0.074955149,7.261981883
57.1,258.0710083,0.074961446,7.254587618
57.2,258.5685445,0.074967743,7.247206291
57.3,259.065497,0.074974041,7.239837857
57.4,259.5618325,0.074980339,7.232482271
57.5,260.0575176,0.074986638,7.225139489
57.6,260.5525186,0.074992937,7.217809466
57.7,261.0468015,0.074999237,7.210492157
57.8,261.5403324,0.075005537,7.203187519
57.9,262.0330769,0.075011838,7.195895508
58.0,262.5250006,0.07501814,7.188616081
58.1,263.0160687,0.075024441,7.181349193
58.2,263.5062465,0.075030744,7.174094802
58.3,263.9954989,0.075037047,7.166852865
58.4,264.4837905,0.07504335,7.159623339
58.5,264.9710858,0.075049654,7.152406182
58.6,265.457349,0.075055959,7.145201351
58.7,265.9425451,0.075062264,7.138008805
58.8,266.4266428,0.07506857,7.130828501
58.9,266.9096285,0.075074876,7.123660399
59.0,267.3914909,0.075081182,7.116504456
59.1,267.8722191,0.07508749,7.109360632
59.2,268.3518021,0.075093797,7.102228885
59.3,268.830229,0.075100105,7.095109174
59.4,269.3074886,0.075106414,7.08800146
59.5,269.78357,0.075112723,7.080905702
59.6,270.258462,0.075119033,7.073821859
59.7,270.7321537,0.075125344,7.066749892
59.8,271.2046341,0.075131654,7.059689761
59.9,271.675892,0.075137966,7.052641427
60.0,272.1459165,0.075144278,7.045604849
60.1,272.6146965,0.07515059,7.038579989
60.2,273.082221,0.075156903,7.031566809
60.3,273.548479,0.075163216,7.024565268
60.4,274.0134593,0.07516953,7.017575329
60.5,274.4771511,0.075175845,7.010596953
60.6,274.9395431,0.07518216,7.003630102
60.7,275.4006245,0.075188476,6.996674738
60.8,275.8603841,0.075194792,6.989730823
60.9,276.318811,0.075201108,6.98279832
61.0,276.775894,0.075207425,6.97587719
61.1,277.2316223,0.075213743,6.968967398
61.2,277.6859847,0.075220061,6.962068905
61.3,278.1389703,0.07522638,6.955181676
61.4,278.590568,0.075232699,6.948305672
61.5,279.0407669,0.075239019,6.941440858
61.6,279.4895559,0.075245339,6.934587197
61.7,279.936924,0.07525166,6.927744653
61.8,280.3828603,0.075257982,6.920913191
61.9,280.8273538,0.075264304,6.914092773
62.0,281.2703934,0.075270626,6.907283365
62.1,281.7119683,0.075276949,6.900484931
62.2,282.1520675,0.075283272,6.893697436
62.3,282.5906799,0.075289596,6.886920845
62.4,283.0277948,0.075295921,6.880155122
62.5,283.463401,0.075302246,6.873400233
62.6,283.8974878,0.075308572,6.866656143
62.7,284.3300442,0.075314898,6.859922818
62.8,284.7610593,0.075321224,6.853200223
62.9,285.1905221,0.075327552,6.846488324
63.0,285.6184219,0.075333879,6.839787088
63.1,286.0447477,0.075340207,6.83309648
63.2,286.4694887,0.075346536,6.826416467
63.3,286.892634,0.075352866,6.819747016
63.4,287.3141728,0.075359195,6.813088092
63.5,287.7340943,0.075365526,6.806439663
63.6,288.1523876,0.075371857,6.799801696
63.7,288.569042,0.075378188,6.793174157
63.8,288.9840467,0.07538452,6.786557015
63.9,289.3973909,0.075390852,6.779950236
64.0,289.8090638,0.075397185,6.773353789
64.1,290.2190548,0.075403519,6.76676764
64.2,290.6273531,0.075409853,6.760191759
64.3,291.033948,0.075416188,6.753626112
64.4,291.4388288,0.075422523,6.747070668
64.5,291.8419849,0.075428858,6.740525395
64.6,292.2434056,0.075435194,6.733990263
64.7,292.6430802,0.075441531,6.727465238
64.8,293.0409982,0.075447868,6.720950291
64.9,293.437149,0.075454206,6.714445391
65.0,293.8315219,0.075460544,6.707950505
65.1,294.2241065,0.075466883,6.701465604
65.2,294.6148922,0.075473223,6.694990657
65.3,295.0038685,0.075479563,6.688525633
65.4,295.3910248,0.075485903,6.682070502
65.5,295.7763507,0.075492244,6.675625233
65.6,296.1598358,0.075498585,6.669189798
65.7,296.541471,0.075504927,6.662764165
65.8,296.9212518,0.07551127,6.656348304
65.9,297.2991745,0.075517613,6.649942187
66.0,297.6752357,0.075523957,6.643545784
66.1,298.0494318,0.075530301,6.637159064
66.2,298.4217595,0.075536645,6.630782
66.3,298.7922154,0.075542991,6.624414561
66.4,299.1607962,0.075549336,6.618056719
66.5,299.5274987,0.075555683,6.611708445
66.6,299.8923197,0.07556203,6.60536971
66.7,300.255256,0.075568377,6.599040486
66.8,300.6163047,0.075574725,6.592720743
66.9,300.9754626,0.075581073,6.586410455
67.0,301.3327268,0.075587422,6.580109591
67.1,301.6880945,0.075593772,6.573818125
67.2,302.0415628,0.075600122,6.567536028
67.3,302.3931289,0.075606472,6.561263272
67.4,302.7427902,0.075612823,6.554999831
67.5,303.0905438,0.075619175,6.548745675
67.6,303.4363874,0.075625527,6.542500778
67.7,303.7803182,0.07563188,6.536265112
67.8,304.1223338,0.075638233,6.530038649
67.9,304.4624318,0.075644587,6.523821364
68.0,304.8006097,0.075650941,6.517613229
68.1,305.1368654,0.075657296,6.511414216
68.2,305.4711964,0.075663651,6.5052243
68.3,305.8036007,0.075670007,6.499043453
68.4,306.134076,0.075676363,6.492871649
68.5,306.4626203,0.07568272,6.486708861
68.6,306.7892315,0.075689078,6.480555064
68.7,307.1139076,0.075695436,6.47441023
68.8,307.4366469,0.075701794,6.468274335
68.9,307.7574472,0.075708153,6.462147352
69.0,308.076307,0.075714513,6.456029254
69.1,308.3932244,0.075720873,6.449920018
69.2,308.7081977,0.075727234,6.443819616
69.3,309.0212253,0.075733595,6.437728023
69.4,309.3323056,0.075739957,6.431645214
69.5,309.6414371,0.075746319,6.425571163
69.6,309.9486183,0.075752682,6.419505846
69.7,310.2538478,0.075759046,6.413449237
69.8,310.5571243,0.07576541,6.407401312
69.9,310.8584464,0.075771774,6.401362045
70.0,311.157813,0.075778139,6.395331411
70.1,311.4552228,0.075784505,6.389309387
70.2,311.7506746,0.075790871,6.383295947
70.3,312.0441675,0.075797237,6.377291068
70.4,312.3357003,0.075803604,6.371294724
70.5,312.6252722,0.075809972,6.365306891
70.6,312.9128822,0.07581634,6.359327546
70.7,313.1985295,0.075822709,6.353356664
70.8,313.4822132,0.075829079,6.347394222
70.9,313.7639326,0.075835448,6.341440195
71.0,314.0436871,0.075841819,6.33549456
71.1,314.3214759,0.07584819,6.329557293
71.2,314.5972985,0.075854561,6.323628371
71.3,314.8711545,0.075860933,6.31770777
71.4,315.1430432,0.075867306,6.311795468
71.5,315.4129643,0.075873679,6.30589144
71.6,315.6809174,0.075880052,6.299995663
71.7,315.9469022,0.075886427,6.294108115
71.8,316.2109185,0.075892801,6.288228773
71.9,316.472966,0.075899177,6.282357614
72.0,316.7330446,0.075905552,6.276494615
72.1,316.9911543,0.075911929,6.270639753
72.2,317.2472948,0.075918306,6.264793006
72.3,317.5014664,0.075924683,6.258954351
72.4,317.7536689,0.075931061,6.253123766
72.5,318.0039026,0.07593744,6.24730123
72.6,318.2521717,0.075943819,6.241486718
72.7,318.4984955,0.075950198,6.23568021
72.8,318.7428965,0.075956578,6.229881684
72.9,318.9853976,0.075962959,6.224091117
73.0,319.2260217,0.07596934,6.218308488
73.1,319.4647917,0.075975722,6.212533775
73.2,319.7017308,0.075982104,6.206766956
73.3,319.9368623,0.075988487,6.20100801
73.4,320.1702094,0.075994871,6.195256915
73.5,320.4017957,0.076001254,6.18951365
73.6,320.6316447,0.076007639,6.183778194
73.7,320.8597801,0.076014024,6.178050526
73.8,321.0862257,0.07602041,6.172330623
73.9,321.3110053,0.076026796,6.166618466
74.0,321.534143,0.076033182,6.160914034
74.1,321.7556628,0.07603957,6.155217304
74.2,321.9755889,0.076045957,6.149528258
74.3,322.1939457,0.076052346,6.143846874
74.4,322.4107576,0.076058735,6.138173131
74.5,322.6260489,0.076065124,6.132507008
74.6,322.8398444,0.076071514,6.126848487
74.7,323.0521686,0.076077904,6.121197545
74.8,323.2630464,0.076084295,6.115554163
74.9,323.4725026,0.076090687,6.109918321
75.0,323.6805622,0.076097079,6.104289998
75.1,323.8872503,0.076103472,6.098669175
75.2,324.0925919,0.076109865,6.093055831
75.3,324.2966123,0.076116259,6.087449947
75.4,324.4993368,0.076122653,6.081851502
75.5,324.7007908,0.076129048,6.076260478
75.6,324.9009998,0.076135444,6.070676854
75.7,325.0999893,0.07614184,6.065100611
75.8,325.297785,0.076148236,6.059531729
75.9,325.4944126,0.076154633,6.053970189
76.0,325.689898,0.076161031,6.048415972
76.1,325.884267,0.076167429,6.042869058
76.2,326.0775455,0.076173828,6.037329429
76.3,326.2697597,0.076180227,6.031797064
76.4,326.4609356,0.076186627,6.026271946
76.5,326.6510995,0.076193028,6.020754054
76.6,326.8402775,0.076199429,6.015243371
76.7,327.0284962,0.07620583,6.009739878
76.8,327.2157818,0.076212232,6.004243555
76.9,327.4021609,0.076218635,5.998754384
77.0,327.58766,0.076225038,5.993272346
77.1,327.7723058,0.076231442,5.987797423
77.2,327.956125,0.076237846,5.982329597
77.3,328.1391444,0.076244251,5.976868849
77.4,328.3213907,0.076250656,5.971415161
77.5,328.502891,0.076257062,5.965968514
77.6,328.6836721,0.076263469,5.960528891
77.7,328.8637612,0.076269876,5.955096273
77.8,329.0431854,0.076276284,5.949670642
77.9,329.2219717,0.076282692,5.944251981
78.0,329.4001476,0.076289101,5.938840271
78.1,329.5777403,0.07629551,5.933435494
78.2,329.7547771,0.07630192,5.928037634
78.3,329.9312855,0.07630833,5.922646672
78.4,330.107293,0.076314741,5.91726259
78.5,330.2828272,0.076321153,5.911885372
78.6,330.4579158,0.076327565,5.906514999
78.7,330.6325863,0.076333978,5.901151454
78.8,330.8068665,0.076340391,5.89579472
78.9,330.9807843,0.076346805,5.89044478
79.0,331.1543673,0.076353219,5.885101616
79.1,331.327643,0.076359634,5.879765212
79.2,331.5006421,0.07636605,5.874435549
79.3,331.6733937,0.076372466,5.869112612
79.4,331.8459197,0.076378883,5.863796383
79.5,332.0182406,0.0763853,5.858486845
79.6,332.1903728,0.076391718,5.853183981
79.7,332.3623174,0.076398136,5.847887776
79.8,332.5340725,0.076404555,5.842598211
79.9,332.7056407,0.076410974,5.83731527
80.0,332.8770242,0.076417394,5.832038938
80.1,333.0482249,0.076423815,5.826769197
80.2,333.2192449,0.076430236,5.82150603
80.3,333.3900861,0.076436658,5.816249422
80.4,333.5607505,0.07644308,5.810999357
80.5,333.7312399,0.076449503,5.805755817
80.6,333.9015565,0.076455927,5.800518786
80.7,334.0717021,0.076462351,5.79528825
80.8,334.2416788,0.076468775,5.790064191
80.9,334.4114886,0.0764752,5.784846593
81.0,334.5811333,0.076481626,5.77963544
81.1,334.7506152,0.076488052,5.774430718
81.2,334.919936,0.076494479,5.769232408
81.3,335.0890979,0.076500907,5.764040497
81.4,335.2581029,0.076507335,5.758854968
81.5,335.4269529,0.076513764,5.753675806
81.6,335.5956501,0.076520193,5.748502994
81.7,335.7641963,0.076526623,5.743336518
81.8,335.9325938,0.076533053,5.738176362
81.9,336.1008444,0.076539484,5.73302251
82.0,336.2689503,0.076545916,5.727874947
82.1,336.4369134,0.076552348,5.722733657
82.2,336.6047359,0.07655878,5.717598627
82.3,336.7724198,0.076565214,5.712469839
82.4,336.9399672,0.076571648,5.707347279
82.5,337.1073801,0.076578082,5.702230933
82.6,337.2746605,0.076584517,5.697120784
82.7,337.4418107,0.076590953,5.692016818
82.8,337.6088326,0.076597389,5.68691902
82.9,337.7757283,0.076603826,5.681827375
83.0,337.9425,0.076610263,5.676741868
83.1,338.1091497,0.076616701,5.671662485
83.2,338.2756795,0.07662314,5.66658921
83.3,338.4420915,0.076629579,5.66152203
83.4,338.6083879,0.076636019,5.656460929
83.5,338.7745707,0.076642459,5.651405892
83.6,338.9406421,0.0766489,5.646356906
83.7,339.1066042,0.076655342,5.641313956
83.8,339.272459,0.076661784,5.636277027
83.9,339.4382089,0.076668227,5.631246106
84.0,339.6038558,0.07667467,5.626221177
84.1,339.769402,0.076681114,5.621202227
84.2,339.9348495,0.076687558,5.61618924
84.3,340.1002006,0.076694004,5.611182204
84.4,340.2654574,0.076700449,5.606181105
84.5,340.430622,0.076706896,5.601185927
84.6,340.5956966,0.076713343,5.596196657
84.7,340.7606834,0.07671979,5.59121328
84.8,340.9255846,0.076726238,5.586235785
84.9,341.0904023,0.076732687,5.581264155
85.0,341.2551387,0.076739137,5.576298378
85.1,341.419796,0.076745587,5.571338439
85.2,341.5843764,0.076752037,5.566384325
85.3,341.7488821,0.076758488,5.561436023
85.4,341.9133154,0.07676494,5.556493518
85.5,342.0776783,0.076771392,5.551556798
85.6,342.2419731,0.076777845,5.546625847
85.7,342.4062021,0.076784299,5.541700654
85.8,342.5703675,0.076790753,5.536781205
85.9,342.7344714,0.076797208,5.531867486
86.0,342.898516,0.076803664,5.526959484
86.1,343.0625036,0.07681012,5.522057186
86.2,343.2264372,0.076816576,5.517160578
86.3,343.3903186,0.076823034,5.512269647
86.4,343.5541476,0.076829492,5.50738438
86.5,343.7179239,0.07683595,5.502504764
86.6,343.8816451,0.076842409,5.497630787
86.7,344.0453079,0.076848869,5.492762434
86.8,344.2089095,0.076855329,5.487899693
86.9,344.3724471,0.07686179,5.483042551
87.0,344.5359179,0.076868252,5.478190995
87.1,344.6993192,0.076874714,5.473345013
87.2,344.862648,0.076881177,5.468504591
87.3,345.0259017,0.076887641,5.463669716
87.4,345.1890773,0.076894105,5.458840377
87.5,345.3521721,0.07690057,5.45401656
87.6,345.5151833,0.076907035,5.449198253
87.7,345.6781079,0.076913501,5.444385444
87.8,345.8409432,0.076919967,5.439578119
87.9,346.0036863,0.076926435,5.434776266
88.0,346.1663343,0.076932903,5.429979872
88.1,346.3288845,0.076939371,5.425188927
88.2,346.4913339,0.07694584,5.420403416
88.3,346.6536798,0.07695231,5.415623328
88.4,346.8159191,0.07695878,5.41084865
88.5,346.9780492,0.076965251,5.406079371
88.6,347.140067,0.076971723,5.401315477
88.7,347.3019696,0.076978195,5.396556957
88.8,347.4637543,0.076984668,5.391803799
88.9,347.6254182,0.076991142,5.387055991
89.0,347.7869582,0.076997616,5.38231352
89.1,347.9483715,0.077004091,5.377576375
89.2,348.1096553,0.077010566,5.372844543
89.3,348.2708066,0.077017042,5.368118014
89.4,348.4318224,0.077023519,5.363396774
89.5,348.5926999,0.077029996,5.358680812
89.6,348.7534362,0.077036474,5.353970117
89.7,348.9140282,0.077042953,5.349264676
89.8,349.0744732,0.077049432,5.344564478
89.9,349.234768,0.077055912,5.339869511
90.0,349.3949099,0.077062393,5.335179764
90.1,349.5548958,0.077068874,5.330495224
90.2,349.7147227,0.077075356,5.325815881
90.3,349.8743878,0.077081838,5.321141723
90.4,350.0338881,0.077088321,5.316472738
90.5,350.1932205,0.077094805,5.311808915
90.6,350.3523822,0.077101289,5.307150243
90.7,350.5113701,0.077107774,5.30249671
90.8,350.6701813,0.07711426,5.297848305
90.9,350.8288128,0.077120747,5.293205016
91.0,350.9872615,0.077127234,5.288566833
91.1,351.1455245,0.077133721,5.283933744
91.2,351.3035988,0.07714021,5.279305737
91.3,351.4614814,0.077146698,5.274682803
91.4,351.6191693,0.077153188,5.270064929
91.5,351.7766594,0.077159678,5.265452105
91.6,351.9339488,0.077166169,5.260844319
91.7,352.0910343,0.077172661,5.256241561
91.8,352.2479131,0.077179153,5.25164382
91.9,352.404582,0.077185646,5.247051084
92.0,352.5610381,0.07719214,5.242463343
92.1,352.7172782,0.077198634,5.237880586
92.2,352.8732993,0.077205129,5.233302803
92.3,353.0290985,0.077211624,5.228729981
92.4,353.1846725,0.07721812,5.224162111
92.5,353.3400185,0.077224617,5.219599183
92.6,353.4951332,0.077231115,5.215041184
92.7,353.6500137,0.077237613,5.210488105
92.8,353.8046569,0.077244112,5.205939935
92.9,353.9590596,0.077250611,5.201396663
93.0,354.1132189,0.077257111,5.19685828
93.1,354.2671315,0.077263612,5.192324773
93.2,354.420794,0.077270113,5.187796134
93.3,354.5742061,0.077276616,5.183272351
93.4,354.7273705,0.077283118,5.178753413
93.5,354.880294,0.077289622,5.174239312
93.6,355.0329829,0.077296126,5.169730036
93.7,355.1854433,0.077302631,5.165225575
93.8,355.3376815,0.077309136,5.160725919
93.9,355.4897039,0.077315642,5.156231057
94.0,355.6415167,0.077322149,5.15174098
94.1,355.7931263,0.077328657,5.147255677
94.2,355.9445389,0.077335165,5.142775137
94.3,356.0957608,0.077341674,5.138299352
94.4,356.2467984,0.077348183,5.13382831
94.5,356.3976581,0.077354693,5.129362003
94.6,356.5483462,0.077361204,5.124900419
94.7,356.6988691,0.077367716,5.120443548
94.8,356.8492331,0.077374228,5.115991382
94.9,356.9994447,0.077380741,5.111543909
95.0,357.1495102,0.077387254,5.107101121
95.1,357.2994361,0.077393768,5.102663006
95.2,357.4492288,0.077400283,5.098229556
95.3,357.5988947,0.077406799,5.093800761
95.4,357.7484404,0.077413315,5.08937661
95.5,357.8978721,0.077419832,5.084957095
95.6,358.0471965,0.077426349,5.080542204
95.7,358.1964201,0.077432868,5.07613193
95.8,358.3455492,0.077439387,5.071726261
95.9,358.4945904,0.077445906,5.067325189
96.0,358.6435502,0.077452426,5.062928703
96.1,358.7924352,0.077458947,5.058536795
96.2,358.9412519,0.077465469,5.054149455
96.3,359.0900069,0.077471991,5.049766673
96.4,359.2387066,0.077478514,5.04538844
96.5,359.3873578,0.077485038,5.041014746
96.6,359.5359669,0.077491562,5.036645582
96.7,359.6845405,0.077498087,5.032280939
96.8,359.8330853,0.077504613,5.027920807
96.9,359.9816079,0.077511139,5.023565177
97.0,360.130115,0.077517666,5.01921404
97.1,360.278613,0.077524194,5.014867386
97.2,360.4271088,0.077530722,5.010525206
97.3,360.5756089,0.077537251,5.006187491
97.4,360.7241201,0.077543781,5.001854232
97.5,360.8726489,0.077550312,4.99752542
97.6,361.0212022,0.077556843,4.993201045
97.7,361.1697866,0.077563374,4.988881098
97.8,361.3184089,0.077569907,4.984565571
97.9,361.4670757,0.07757644,4.980254455
98.0,361.6157938,0.077582974,4.975947739
98.1,361.7645699,0.077589508,4.971645416
98.2,361.9134109,0.077596044,4.967347477
98.3,362.0623234,0.07760258,4.963053912
98.4,362.2113143,0.077609116,4.958764712
98.5,362.3603904,0.077615653,4.954479869
98.6,362.5095584,0.077622191,4.950199375
98.7,362.6588253,0.07762873,4.945923219
98.8,362.8081977,0.077635269,4.941651393
98.9,362.9576826,0.077641809,4.937383889
99.0,363.1072867,0.07764835,4.933120698
99.1,363.2570171,0.077654891,4.928861811
99.2,363.4068804,0.077661433,4.924607219
99.3,363.5568837,0.077667976,4.920356914
99.4,363.7070338,0.07767452,4.916110888
99.5,363.8573376,0.077681064,4.91186913
99.6,364.007802,0.077687608,4.907631634
99.7,364.158434,0.077694154,4.90339839
99.8,364.3092406,0.0777007,4.89916939
99.9,364.4602288,0.077707247,4.894944625
100.0,364.611405,0.077713795,4.890724087
100.1,364.7627778,0.077720343,4.886507767
100.2,364.9143502,0.077726892,4.882295658
100.3,365.0661063,0.077733441,4.87808775
100.4,365.2180289,0.077739992,4.873884035
100.5,365.3701006,0.077746543,4.869684506
100.6,365.5223013,0.077753094,4.865489152
100.7,365.6746117,0.077759647,4.861297967
100.8,365.8270127,0.0777662,4.857110942
100.9,365.9794852,0.077772754,4.852928069
101.0,366.1320098,0.077779308,4.848749339
101.1,366.2845674,0.077785863,4.844574745
101.2,366.4371387,0.077792419,4.840404278
101.3,366.5897044,0.077798976,4.836237929
101.4,366.7422452,0.077805533,4.832075692
101.5,366.8947417,0.077812091,4.827917557
101.6,367.0471745,0.077818649,4.823763517
101.7,367.1995241,0.077825208,4.819613564
101.8,367.3517712,0.077831768,4.815467689
101.9,367.5038962,0.077838329,4.811325885
102.0,367.6558796,0.07784489,4.807188143
102.1,367.8077018,0.077851452,4.803054456
102.2,367.9593433,0.077858015,4.798924816
102.3,368.1107844,0.077864578,4.794799214
102.4,368.2620055,0.077871142,4.790677643
102.5,368.4129869,0.077877707,4.786560096
102.6,368.5637089,0.077884273,4.782446563
102.7,368.7141517,0.077890839,4.778337038
102.8,368.8642955,0.077897406,4.774231512
102.9,369.0141206,0.077903973,4.770129978
103.0,369.1636071,0.077910541,4.766032428
103.1,369.3127351,0.07791711,4.761938855
103.2,369.4614848,0.07792368,4.75784925
103.3,369.6098362,0.07793025,4.753763605
103.4,369.7577694,0.077936821,4.749681914
103.5,369.9052643,0.077943392,4.745604169
103.6,370.0523009,0.077949964,4.741530361
103.7,370.1988593,0.077956537,4.737460484
103.8,370.3449192,0.077963111,4.73339453
103.9,370.4904607,0.077969685,4.729332491
104.0,370.6354636,0.07797626,4.725274359
104.1,370.7799076,0.077982836,4.721220128
104.2,370.9237727,0.077989412,4.71716979
104.3,371.0670386,0.077995989,4.713123336
104.4,371.209685,0.078002567,4.709080761
104.5,371.3516918,0.078009145,4.705042055
104.6,371.4930385,0.078015725,4.701007213
104.7,371.6337049,0.078022304,4.696976226
104.8,371.7736706,0.078028885,4.692949088
104.9,371.9129152,0.078035466,4.68892579
105.0,372.0514184,0.078042048,4.684906326
105.1,372.1891597,0.07804863,4.680890688
105.2,372.3261186,0.078055213,4.676878869
105.3,372.4622747,0.078061797,4.672870862
105.4,372.5976075,0.078068381,4.668866659
105.5,372.7320964,0.078074967,4.664866253
105.6,372.865721,0.078081552,4.660869638
105.7,372.9984606,0.078088139,4.656876805
105.8,373.1302946,0.078094726,4.652887749
105.9,373.2612026,0.078101314,4.64890246
106.0,373.3911637,0.078107903,4.644920934
106.1,373.5201574,0.078114492,4.640943161
106.2,373.648163,0.078121082,4.636969136
106.3,373.7751598,0.078127672,4.632998851
106.4,373.9011271,0.078134263,4.6290323
106.5,374.0260442,0.078140855,4.625069474
106.6,374.1498904,0.078147448,4.621110368
106.7,374.2726448,0.078154041,4.617154974
106.8,374.3942867,0.078160635,4.613203286
106.9,374.5147953,0.07816723,4.609255295
107.0,374.6341497,0.078173825,4.605310996
107.1,374.7523316,0.078180421,4.601370382
107.2,374.8693353,0.078187018,4.597433445
107.3,374.9851607,0.078193615,4.59350018
107.4,375.0998073,0.078200213,4.589570578
107.5,375.2132748,0.078206812,4.585644633
107.6,375.3255628,0.078213411,4.581722339
107.7,375.4366711,0.078220011,4.577803688
107.8,375.5465993,0.078226612,4.573888674
107.9,375.6553471,0.078233213,4.56997729
108.0,375.7629142,0.078239815,4.566069529
108.1,375.8693003,0.078246417,4.562165385
108.2,375.9745052,0.078253021,4.558264851
108.3,376.0785286,0.078259625,4.55436792
108.4,376.1813703,0.078266229,4.550474586
108.5,376.2830301,0.078272835,4.546584842
108.6,376.3835077,0.078279441,4.542698681
108.7,376.4828029,0.078286047,4.538816097
108.8,376.5809155,0.078292655,4.534937083
108.9,376.6778453,0.078299263,4.531061633
109.0,376.7735923,0.078305871,4.52718974
109.1,376.8681561,0.078312481,4.523321397
109.2,376.9615367,0.078319091,4.519456598
109.3,377.053734,0.078325701,4.515595337
109.4,377.1447477,0.078332313,4.511737608
109.5,377.2345779,0.078338925,4.507883402
109.6,377.3232244,0.078345537,4.504032715
109.7,377.410687,0.07835215,4.50018554
109.8,377.4969658,0.078358764,4.49634187
109.9,377.5820607,0.078365379,4.4925017
110.0,377.6659716,0.078371994,4.488665021
110.1,377.7486973,0.07837861,4.48483183
110.2,377.8302368,0.078385227,4.481002118
110.3,377.9105906,0.078391844,4.47717588
110.4,377.9897593,0.078398462,4.473353109
110.5,378.0677436,0.07840508,4.469533799
110.6,378.144544,0.0784117,4.465717944
110.7,378.2201612,0.078418319,4.461905538
110.8,378.2945958,0.07842494,4.458096574
110.9,378.3678483,0.078431561,4.454291046
111.0,378.4399196,0.078438183,4.450488948
111.1,378.5108103,0.078444805,4.446690274
111.2,378.580521,0.078451428,4.442895018
111.3,378.6490524,0.078458052,4.439103172
111.4,378.7164053,0.078464677,4.435314733
111.5,378.7825799,0.078471302,4.431529692
111.6,378.8475745,0.078477927,4.427748045
111.7,378.911387,0.078484554,4.423969785
111.8,378.9740154,0.078491181,4.420194905
111.9,379.0354576,0.078497808,4.416423401
112.0,379.0957115,0.078504437,4.412655266
112.1,379.1547749,0.078511066,4.408890493
112.2,379.212646,0.078517695,4.405129078
112.3,379.2693226,0.078524325,4.401371013
112.4,379.3248026,0.078530956,4.397616293
112.5,379.3790842,0.078537588,4.393864913
112.6,379.4321652,0.07854422,4.390116865
112.7,379.4840464,0.078550853,4.386372145
112.8,379.5347328,0.078557486,4.382630745
112.9,379.5842301,0.07856412,4.378892661
113.0,379.6325439,0.078570755,4.375157887
113.1,379.6796797,0.078577391,4.371426417
113.2,379.7256432,0.078584027,4.367698244
113.3,379.7704399,0.078590663,4.363973363
113.4,379.8140757,0.078597301,4.360251768
113.5,379.856556,0.078603939,4.356533454
113.6,379.8978866,0.078610577,4.352818414
113.7,379.9380731,0.078617216,4.349106643
113.8,379.9771213,0.078623856,4.345398135
113.9,380.0150369,0.078630497,4.341692885
114.0,380.0518255,0.078637138,4.337990886
114.1,380.087493,0.07864378,4.334292133
114.2,380.122045,0.078650422,4.330596621
114.3,380.1554874,0.078657065,4.326904343
114.4,380.1878266,0.078663709,4.323215294
114.5,380.2190856,0.078670353,4.319529468
114.6,380.2493038,0.078676998,4.31584686
114.7,380.2785214,0.078683644,4.312167464
114.8,380.3067785,0.07869029,4.308491274
114.9,380.3341155,0.078696937,4.304818286
115.0,380.3605724,0.078703584,4.301148492
115.1,380.3861879,0.078710233,4.297481888
115.2,380.410994,0.078716881,4.293818469
115.3,380.435021,0.078723531,4.290158228
115.4,380.458299,0.078730181,4.28650116
115.5,380.4808585,0.078736832,4.28284726
115.6,380.5027297,0.078743483,4.279196523
115.7,380.5239431,0.078750135,4.275548941
115.8,380.5445289,0.078756787,4.271904512
115.9,380.5645176,0.07876344,4.268263228
116.0,380.5839394,0.078770094,4.264625084
116.1,380.6028247,0.078776749,4.260990075
116.2,380.621204,0.078783404,4.257358196
116.3,380.6391076,0.07879006,4.253729441
116.4,380.656566,0.078796716,4.250103805
116.5,380.6736095,0.078803373,4.246481283
116.6,380.6902685,0.07881003,4.242861868
116.7,380.7065734,0.078816689,4.239245556
116.8,380.7225548,0.078823347,4.235632342
116.9,380.738243,0.078830007,4.23202222
117.0,380.7536684,0.078836667,4.228415185
117.1,380.7688616,0.078843328,4.224811232
117.2,380.7838529,0.078849989,4.221210354
117.3,380.7986727,0.078856651,4.217612548
117.4,380.8133515,0.078863314,4.214017808
117.5,380.8279197,0.078869977,4.210426129
117.6,380.8424075,0.078876641,4.206837505
117.7,380.8568455,0.078883305,4.203251931
117.8,380.871264,0.07888997,4.199669402
117.9,380.8856934,0.078896636,4.196089913
118.0,380.9001641,0.078903302,4.192513459
118.1,380.9147066,0.078909969,4.188940035
118.2,380.9293512,0.078916637,4.185369635
118.3,380.9441284,0.078923305,4.181802254
118.4,380.9590686,0.078929974,4.178237888
118.5,380.9742022,0.078936643,4.174676531
118.6,380.9895597,0.078943313,4.171118178
118.7,381.0051715,0.078949984,4.167562824
118.8,381.0210681,0.078956655,4.164010464
118.9,381.0372798,0.078963327,4.160461093
119.0,381.0538373,0.07897,4.156914705
119.1,381.0707709,0.078976673,4.153371297
119.2,381.0881116,0.078983347,4.149830863
119.3,381.1058929,0.078990021,4.146293397
119.4,381.1241485,0.078996696,4.142758896
119.5,381.1429124,0.079003372,4.139227353
119.6,381.1622186,0.079010048,4.135698765
119.7,381.1821009,0.079016725,4.132173125
119.8,381.2025933,0.079023402,4.12865043
119.9,381.2237298,0.07903008,4.125130674
120.0,381.2455442,0.079036759,4.121613852
120.1,381.2680705,0.079043438,4.11809996
120.2,381.2913428,0.079050118,4.114588993
120.3,381.315395,0.079056799,4.111080945
120.4,381.3402611,0.07906348,4.107575812
120.5,381.3659752,0.079070162,4.104073589
120.6,381.3925661,0.079076844,4.100574271
120.7,381.4200419,0.079083527,4.097077854
120.8,381.4484057,0.07909021,4.093584332
120.9,381.4776606,0.079096895,4.090093701
121.0,381.5078094,0.07910358,4.086605956
121.1,381.5388552,0.079110265,4.083121092
121.2,381.5708011,0.079116951,4.079639105
121.3,381.60365,0.079123638,4.076159989
121.4,381.6374051,0.079130325,4.072683741
121.5,381.6720694,0.079137013,4.069210355
121.6,381.707646,0.079143701,4.065739826
121.7,381.7441379,0.07915039,4.06227215
121.8,381.7815481,0.07915708,4.058807323
121.9,381.8198799,0.07916377,4.055345339
122.0,381.8591362,0.079170461,4.051886194
122.1,381.8993177,0.079177153,4.048429883
122.2,381.9404147,0.079183845,4.044976401
122.3,381.9824151,0.079190537,4.041525745
122.4,382.0253069,0.079197231,4.038077909
122.5,382.0690792,0.079203925,4.034632888
122.6,382.1137272,0.079210619,4.031190679
122.7,382.1592472,0.079217314,4.027751276
122.8,382.2056356,0.07922401,4.024314675
122.9,382.2528889,0.079230706,4.020880872
123.0,382.3010034,0.079237403,4.017449861
123.1,382.3499757,0.079244101,4.014021639
123.2,382.399802,0.079250799,4.0105962
123.3,382.4504789,0.079257498,4.007173541
123.4,382.5020028,0.079264197,4.003753656
123.5,382.5543701,0.079270897,4.000336542
123.6,382.6075773,0.079277598,3.996922194
123.7,382.6616207,0.079284299,3.993510607
123.8,382.7164969,0.079291001,3.990101776
123.9,382.7722021,0.079297703,3.986695698
124.0,382.8287321,0.079304406,3.983292368
124.1,382.8860829,0.07931111,3.979891782
124.2,382.9442505,0.079317814,3.976493934
124.3,383.0032309,0.079324519,3.973098822
124.4,383.06302,0.079331224,3.969706439
124.5,383.1236138,0.07933793,3.966316783
124.6,383.1850083,0.079344637,3.962929848
124.7,383.2471994,0.079351344,3.95954563
124.8,383.3101831,0.079358052,3.956164125
124.9,383.3739555,0.07936476,3.952785328
125.0,383.4385126,0.079371469,3.949409236
125.1,383.5038507,0.079378179,3.946035843
125.2,383.5699658,0.079384889,3.942665146
125.3,383.6368541,0.0793916,3.93929714
125.4,383.7045119,0.079398312,3.935931821
125.5,383.7729352,0.079405024,3.932569184
125.6,383.8421202,0.079411736,3.929209226
125.7,383.9120632,0.079418449,3.925851942
125.8,383.9827602,0.079425163,3.922497328
125.9,384.0542074,0.079431878,3.919145379
126.0,384.126401,0.079438593,3.915796091
126.1,384.1993371,0.079445308,3.912449461
126.2,384.2730117,0.079452024,3.909105484
126.3,384.347421,0.079458741,3.905764155
126.4,384.422561,0.079465459,3.902425471
126.5,384.498428,0.079472177,3.899089427
126.6,384.5750181,0.079478895,3.895756019
126.7,384.6523275,0.079485614,3.892425243
126.8,384.7303522,0.079492334,3.889097095
126.9,384.8090883,0.079499055,3.885771571
127.0,384.8885321,0.079505776,3.882448666
127.1,384.9686797,0.079512497,3.879128377
127.2,385.0495273,0.079519219,3.875810699
127.3,385.1310709,0.079525942,3.872495628
127.4,385.2133081,0.079532665,3.869183161
127.5,385.2962391,0.079539389,3.865873292
127.6,385.3798566,0.079546114,3.862566018
127.7,385.4641531,0.079552839,3.859261336
127.8,385.5491208,0.079559565,3.85595924
127.9,385.6347522,0.079566291,3.852659727
128.0,385.7210395,0.079573018,3.849362792
128.1,385.8079753,0.079579745,3.846068433
128.2,385.8955517,0.079586474,3.842776644
128.3,385.9837612,0.079593202,3.839487421
128.4,386.0725953,0.079599931,3.836200762
128.5,386.1620425,0.079606661,3.832916661
128.6,386.2520911,0.079613392,3.829635115
128.7,386.3427322,0.079620123,3.82635612
128.8,386.4339563,0.079626855,3.823079671
128.9,386.5257541,0.079633587,3.819805765
129.0,386.6181158,0.07964032,3.816534398
129.1,386.7110321,0.079647053,3.813265567
129.2,386.8044933,0.079653787,3.809999266
129.3,386.8984899,0.079660522,3.806735492
129.4,386.9930122,0.079667257,3.803474242
129.5,387.0880508,0.079673993,3.80021551
129.6,387.1835959,0.079680729,3.796959295
129.7,387.279638,0.079687466,3.79370559
129.8,387.3761676,0.079694204,3.790454394
129.9,387.4731749,0.079700942,3.787205701
130.0,387.5706504,0.07970768,3.783959508
130.1,387.6685844,0.07971442,3.780715812
130.2,387.7669673,0.07972116,3.777474607
130.3,387.8657896,0.0797279,3.774235891
130.4,387.9650414,0.079734641,3.77099966
130.5,388.0647133,0.079741383,3.76776591
130.6,388.1647954,0.079748125,3.764534636
130.7,388.2652782,0.079754868,3.761305836
130.8,388.3661519,0.079761611,3.758079505
130.9,388.4674069,0.079768355,3.75485564
131.0,388.5690333,0.0797751,3.751634237
131.1,388.6710217,0.079781845,3.748415292
131.2,388.7733621,0.079788591,3.745198801
131.3,388.8760449,0.079795337,3.741984761
131.4,388.9790603,0.079802084,3.738773168
131.5,389.0823986,0.079808832,3.735564018
131.6,389.1860499,0.07981558,3.732357308
131.7,389.2900047,0.079822329,3.729153033
131.8,389.3942529,0.079829078,3.72595119
131.9,389.498785,0.079835828,3.722751776
132.0,389.603591,0.079842578,3.719554787
132.1,389.7086611,0.079849329,3.716360219
132.2,389.8139856,0.079856081,3.713168068
132.3,389.9195545,0.079862833,3.70997833
132.4,390.0253581,0.079869586,3.706791003
132.5,390.1313865,0.07987634,3.703606082
132.6,390.2376299,0.079883094,3.700423565
132.7,390.3440782,0.079889848,3.697243446
132.8,390.4507217,0.079896603,3.694065723
132.9,390.5575505,0.079903359,3.690890391
133.0,390.6645547,0.079910115,3.687717449
133.1,390.7717244,0.079916872,3.684546891
133.2,390.8790496,0.07992363,3.681378714
133.3,390.9865204,0.079930388,3.678212914
133.4,391.0941268,0.079937146,3.675049489
133.5,391.2018589,0.079943906,3.671888434
133.6,391.3097065,0.079950666,3.668729747
133.7,391.4176596,0.079957426,3.665573422
133.8,391.5257084,0.079964187,3.662419458
133.9,391.6338427,0.079970948,3.65926785
134.0,391.7420529,0.079977711,3.656118594
134.1,391.850329,0.079984473,3.652971688
134.2,391.9586611,0.079991237,3.649827128
134.3,392.0670394,0.079998001,3.64668491
134.4,392.1754535,0.080004765,3.643545031
134.5,392.2838916,0.08001153,3.640407488
134.6,392.3923421,0.080018296,3.637272276
134.7,392.5008005,0.080025062,3.634139392
134.8,392.6092698,0.080031829,3.631008834
134.9,392.7177533,0.080038596,3.627880597
135.0,392.8262556,0.080045364,3.624754678
135.1,392.9347834,0.080052133,3.621631074
135.2,393.0433429,0.080058902,3.618509781
135.3,393.1519408,0.080065671,3.615390796
135.4,393.2605835,0.080072442,3.612274115
135.5,393.3692775,0.080079212,3.609159735
135.6,393.4780295,0.080085984,3.606047653
135.7,393.5868458,0.080092756,3.602937865
135.8,393.695733,0.080099528,3.599830367
135.9,393.8046976,0.080106302,3.596725158
136.0,393.913746,0.080113075,3.593622232
136.1,394.0228845,0.08011985,3.590521587
136.2,394.1321193,0.080126625,3.587423219
136.3,394.2414567,0.0801334,3.584327126
136.4,394.3509032,0.080140176,3.581233303
136.5,394.4604653,0.080146953,3.578141747
136.6,394.5701494,0.08015373,3.575052456
136.7,394.6799619,0.080160508,3.571965425
136.8,394.7899094,0.080167286,3.568880652
136.9,394.8999982,0.080174065,3.565798133
137.0,395.0102348,0.080180845,3.562717864
137.1,395.1206258,0.080187625,3.559639844
137.2,395.2311776,0.080194405,3.556564067
137.3,395.3418967,0.080201187,3.553490531
137.4,395.4527895,0.080207969,3.550419234
137.5,395.5638626,0.080214751,3.54735017
137.6,395.6751226,0.080221534,3.544283338
137.7,395.7865759,0.080228318,3.541218734
137.8,395.898229,0.080235102,3.538156355
137.9,396.0100885,0.080241886,3.535096197
138.0,396.1221609,0.080248672,3.532038258
138.1,396.2344528,0.080255458,3.528982533
138.2,396.3469707,0.080262244,3.525929021
138.3,396.4597212,0.080269031,3.522877717
138.4,396.5727109,0.080275819,3.519828619
138.5,396.6859463,0.080282607,3.516781723
138.6,396.7994341,0.080289396,3.513737026
138.7,396.9131808,0.080296185,3.510694525
138.8,397.027193,0.080302975,3.507654217
138.9,397.1414774,0.080309766,3.504616098
139.0,397.2560405,0.080316557,3.501580166
139.1,397.370889,0.080323348,3.498546418
139.2,397.4860296,0.080330141,3.495514849
139.3,397.6014689,0.080336933,3.492485458
139.4,397.7172134,0.080343727,3.489458241
139.5,397.8332699,0.080350521,3.486433194
139.6,397.9496448,0.080357315,3.483410315
139.7,398.0663449,0.08036411,3.480389601
139.8,398.1833772,0.080370906,3.477371048
139.9,398.3007483,0.080377702,3.474354654
140.0,398.4184651,0.080384499,3.471340415
140.1,398.5365346,0.080391297,3.468328328
140.2,398.6549632,0.080398095,3.46531839
140.3,398.7737567,0.080404893,3.462310599
140.4,398.8929206,0.080411692,3.459304951
140.5,399.0124607,0.080418492,3.456301442
140.6,399.1323855,0.080425292,3.453300071
140.7,399.2527039,0.080432093,3.450300833
140.8,399.3734247,0.080438895,3.447303727
140.9,399.4945568,0.080445697,3.444308748
141.0,399.6161092,0.080452499,3.441315894
141.1,399.7380895,0.080459303,3.438325162
141.2,399.8605001,0.080466106,3.435336549
141.3,399.9833419,0.080472911,3.432350052
141.4,400.106616,0.080479716,3.429365667
141.5,400.2303233,0.080486521,3.426383393
141.6,400.3544648,0.080493327,3.423403225
141.7,400.4790417,0.080500134,3.420425161
141.8,400.6040549,0.080506941,3.417449198
141.9,400.7295038,0.080513749,3.414475333
142.0,400.8553616,0.080520557,3.411503563
142.1,400.9816063,0.080527366,3.408533885
142.2,401.1082243,0.080534175,3.405566296
142.3,401.235202,0.080540986,3.402600794
142.4,401.3625246,0.080547796,3.399637374
142.5,401.4901771,0.080554607,3.396676035
142.6,401.6181453,0.080561419,3.393716774
142.7,401.7464145,0.080568232,3.390759586
142.8,401.8749701,0.080575045,3.387804471
142.9,402.0037976,0.080581858,3.384851424
143.0,402.1328824,0.080588672,3.381900443
143.1,402.2622097,0.080595487,3.378951525
143.2,402.3917651,0.080602302,3.376004667
143.3,402.5215337,0.080609118,3.373059865
143.4,402.6515009,0.080615934,3.370117119
143.5,402.781652,0.080622751,3.367176423
143.6,402.9119723,0.080629569,3.364237777
143.7,403.042447,0.080636387,3.361301175
143.8,403.1730614,0.080643206,3.358366617
143.9,403.3038007,0.080650025,3.355434099
144.0,403.4346501,0.080656845,3.352503618
144.1,403.5655947,0.080663665,3.349575171
144.2,403.6966197,0.080670486,3.346648756
144.3,403.8277103,0.080677308,3.34372437
144.4,403.9588516,0.08068413,3.340802009
144.5,404.0900286,0.080690952,3.337881672
144.6,404.2212265,0.080697776,3.334963354
144.7,404.3524304,0.0807046,3.332047055
144.8,404.4836252,0.080711424,3.32913277
144.9,404.614796,0.080718249,3.326220497
145.0,404.7459278,0.080725075,3.323310233
145.1,404.8770055,0.080731901,3.320401975
145.2,405.0080143,0.080738727,3.317495721
145.3,405.1389389,0.080745555,3.314591468
145.4,405.2697643,0.080752383,3.311689214
145.5,405.4004755,0.080759211,3.308788954
145.6,405.5310573,0.08076604,3.305890687
145.7,405.6614945,0.08077287,3.30299441
145.8,405.7917721,0.0807797,3.30010012
145.9,405.9218749,0.08078653,3.297207815
146.0,406.0517876,0.080793362,3.294317491
146.1,406.1814951,0.080800194,3.291429146
146.2,406.3109822,0.080807026,3.288542778
146.3,406.4402336,0.080813859,3.285658383
146.4,406.569234,0.080820693,3.282775959
146.5,406.6979682,0.080827527,3.279895503
146.6,406.8264208,0.080834362,3.277017013
146.7,406.9545765,0.080841197,3.274140486
146.8,407.0824201,0.080848033,3.271265918
146.9,407.2099361,0.080854869,3.268393309
147.0,407.3371092,0.080861706,3.265522654
147.1,407.463924,0.080868544,3.262653951
147.2,407.590365,0.080875382,3.259787198
147.3,407.7164169,0.080882221,3.256922391
147.4,407.8420642,0.08088906,3.254059529
147.5,407.9672914,0.0808959,3.251198608
147.6,408.0920831,0.08090274,3.248339627
147.7,408.2164237,0.080909582,3.245482581
147.8,408.3402978,0.080916423,3.24262747
147.9,408.4636898,0.080923265,3.239774289
148.0,408.5865841,0.080930108,3.236923037
148.1,408.7089654,0.080936951,3.234073711
148.2,408.8308178,0.080943795,3.231226308
148.3,408.952126,0.08095064,3.228380825
148.4,409.0728742,0.080957485,3.225537261
148.5,409.1930468,0.08096433,3.222695613
148.6,409.3126341,0.080971177,3.219855877
148.7,409.4316284,0.080978023,3.217018051
148.8,409.5500222,0.080984871,3.214182134
148.9,409.6678078,0.080991719,3.211348121
149.0,409.7849782,0.080998567,3.208516012
149.1,409.9015258,0.081005416,3.205685802
149.2,410.0174433,0.081012266,3.20285749
149.3,410.1327232,0.081019116,3.200031073
149.4,410.2473581,0.081025967,3.197206548
149.5,410.3613406,0.081032818,3.194383914
149.6,410.4746633,0.08103967,3.191563166
149.7,410.5873186,0.081046522,3.188744304
149.8,410.6992993,0.081053375,3.185927324
149.9,410.8105977,0.081060229,3.183112224
150.0,410.9212065,0.081067083,3.180299001
150.1,411.0311182,0.081073938,3.177487654
150.2,411.1403254,0.081080793,3.174678178
150.3,411.2488206,0.081087649,3.171870572
150.4,411.3565963,0.081094506,3.169064834
150.5,411.463645,0.081101363,3.166260961
150.6,411.5699594,0.08110822,3.16345895
150.7,411.6755318,0.081115079,3.160658799
150.8,411.7803549,0.081121937,3.157860505
150.9,411.8844211,0.081128797,3.155064067
151.0,411.987723,0.081135657,3.152269481
151.1,412.0902531,0.081142517,3.149476745
151.2,412.1920039,0.081149378,3.146685857
151.3,412.2929679,0.08115624,3.143896814
151.4,412.3931375,0.081163102,3.141109614
151.5,412.4925054,0.081169965,3.138324254
151.6,412.591064,0.081176828,3.135540732
151.7,412.6888058,0.081183692,3.132759046
151.8,412.7857233,0.081190556,3.129979192
151.9,412.881809,0.081197421,3.12720117
152.0,412.9770553,0.081204287,3.124424975
152.1,413.0714549,0.081211153,3.121650607
152.2,413.1650002,0.08121802,3.118878061
152.3,413.2576836,0.081224887,3.116107337
152.4,413.3494977,0.081231755,3.113338432
152.5,413.440435,0.081238624,3.110571343
152.6,413.5304879,0.081245493,3.107806067
152.7,413.6196489,0.081252363,3.105042604
152.8,413.7079105,0.081259233,3.102280949
152.9,413.7952653,0.081266103,3.099521101
153.0,413.8817056,0.081272975,3.096763058
153.1,413.9672241,0.081279847,3.094006816
153.2,414.0518131,0.081286719,3.091252374
153.3,414.1354652,0.081293592,3.08849973
153.4,414.2181728,0.081300466,3.085748881
153.5,414.2999285,0.08130734,3.082999824
153.6,414.3807247,0.081314215,3.080252558
153.7,414.460554,0.08132109,3.077507079
153.8,414.5394087,0.081327966,3.074763387
153.9,414.6172816,0.081334843,3.072021477
154.0,414.6941649,0.08134172,3.069281349
154.1,414.7700513,0.081348597,3.066543
154.2,414.8449331,0.081355476,3.063806427
154.3,414.9188031,0.081362354,3.061071628
154.4,414.9916537,0.081369234,3.0583386
154.5,415.0634775,0.081376114,3.055607343
154.6,415.1342669,0.081382994,3.052877852
154.7,415.2040143,0.081389875,3.050150127
154.8,415.272712,0.081396757,3.047424164
154.9,415.3403526,0.081403639,3.044699962
155.0,415.4069283,0.081410522,3.041977517
155.1,415.4724351,0.081417405,3.039256829
155.2,415.5368584,0.081424289,3.036537894
155.3,415.6001709,0.081431174,3.03382071
155.4,415.6623892,0.081438059,3.031105276
155.5,415.7235413,0.081444944,3.028391588
155.6,415.7836552,0.08145183,3.025679645
155.7,415.8427589,0.081458717,3.022969444
155.8,415.9008803,0.081465605,3.020260984
155.9,415.9580476,0.081472492,3.017554261
156.0,416.0142889,0.081479381,3.014849274
156.1,416.0696321,0.08148627,3.01214602
156.2,416.1241055,0.08149316,3.009444498
156.3,416.1777371,0.08150005,3.006744704
156.4,416.2305555,0.081506941,3.004046637
156.5,416.2825916,0.081513832,3.001350295
156.6,416.3338775,0.081520724,2.998655675
156.7,416.3844453,0.081527616,2.995962775
156.8,416.4343267,0.08153451,2.993271594
156.9,416.4835517,0.081541403,2.990582127
157.0,416.5321497,0.081548297,2.987894375
157.1,416.5801505,0.081555192,2.985208334
157.2,416.6275841,0.081562088,2.982524002
157.3,416.674481,0.081568983,2.979841377
157.4,416.7208715,0.08157588,2.977160458
157.5,416.766786,0.081582777,2.97448124
157.6,416.8122548,0.081589675,2.971803724
157.7,416.8573081,0.081596573,2.969127905
157.8,416.9019763,0.081603472,2.966453783
157.9,416.9462897,0.081610371,2.963781356
158.0,416.9902786,0.081617271,2.96111062
158.1,417.0339735,0.081624172,2.958441573
158.2,417.0774046,0.081631073,2.955774215
158.3,417.1206023,0.081637975,2.953108542
158.4,417.1635971,0.081644877,2.950444552
158.5,417.2064194,0.08165178,2.947782244
158.6,417.2490996,0.081658683,2.945121615
158.7,417.2916681,0.081665587,2.942462663
158.8,417.3341555,0.081672492,2.939805386
158.9,417.376592,0.081679397,2.937149782
159.0,417.4190083,0.081686302,2.934495848
159.1,417.4614349,0.081693209,2.931843583
159.2,417.5039021,0.081700116,2.929192985
159.3,417.5464406,0.081707023,2.926544051
159.4,417.5890808,0.081713931,2.923896779
159.5,417.6318534,0.08172084,2.921251167
159.6,417.6747888,0.081727749,2.918607214
159.7,417.7179176,0.081734659,2.915964917
159.8,417.7612704,0.081741569,2.913324274
159.9,417.8048777,0.08174848,2.910685283
160.0,417.8487703,0.081755391,2.908047941
160.1,417.8929787,0.081762303,2.905412248
160.2,417.9375335,0.081769216,2.9027782
160.3,417.9824654,0.081776129,2.900145796
160.4,418.027805,0.081783043,2.897515034
160.5,418.073583,0.081789957,2.894885911
160.6,418.1198301,0.081796872,2.892258426
160.7,418.166577,0.081803788,2.889632576
160.8,418.2138544,0.081810704,2.88700836
160.9,418.2616932,0.081817621,2.884385775
161.0,418.3101239,0.081824538,2.88176482
161.1,418.3591772,0.081831456,2.879145492
161.2,418.4088838,0.081838374,2.87652779
161.3,418.4592748,0.081845293,2.873911711
161.4,418.5103815,0.081852213,2.871297253
161.5,418.562235,0.081859133,2.868684415
161.6,418.6148658,0.081866054,2.866073194
161.7,418.6683032,0.081872975,2.863463588
161.8,418.7225764,0.081879897,2.860855596
161.9,418.7777161,0.081886819,2.858249215
162.0,418.8337568,0.081893742,2.855644444
162.1,418.8907342,0.081900666,2.853041279
162.2,418.9486841,0.08190759,2.850439721
162.3,419.0076341,0.081914515,2.847839765
162.4,419.0675796,0.08192144,2.845241412
162.5,419.1285076,0.081928366,2.842644657
162.6,419.1904055,0.081935293,2.8400495
162.7,419.2532603,0.08194222,2.837455939
162.8,419.3170593,0.081949148,2.834863971
162.9,419.3817896,0.081956076,2.832273595
163.0,419.4474384,0.081963005,2.829684809
163.1,419.513993,0.081969934,2.82709761
163.2,419.5814404,0.081976864,2.824511997
163.3,419.6497678,0.081983795,2.821927968
163.4,419.7189625,0.081990726,2.819345521
163.5,419.7890115,0.081997658,2.816764654
163.6,419.8599021,0.08200459,2.814185365
163.7,419.9316213,0.082011523,2.811607652
163.8,420.0041565,0.082018456,2.809031513
163.9,420.0774946,0.082025391,2.806456946
164.0,420.1516228,0.082032325,2.80388395
164.1,420.2265284,0.08203926,2.801312522
164.2,420.3021984,0.082046196,2.798742661
164.3,420.3786199,0.082053133,2.796174364
164.4,420.4557801,0.08206007,2.79360763
164.5,420.533666,0.082067007,2.791042457
164.6,420.6122649,0.082073945,2.788478842
164.7,420.6915638,0.082080884,2.785916785
164.8,420.7715498,0.082087823,2.783356283
164.9,420.85221,0.082094763,2.780797334
165.0,420.9335315,0.082101704,2.778239936
165.1,421.0155012,0.082108645,2.775684088
165.2,421.0981054,0.082115587,2.773129787
165.3,421.1813303,0.082122529,2.770577032
165.4,421.2651627,0.082129472,2.768025821
165.5,421.3495898,0.082136415,2.765476152
165.6,421.4345984,0.082143359,2.762928023
165.7,421.5201755,0.082150304,2.760381433
165.8,421.6063079,0.082157249,2.757836378
165.9,421.6929824,0.082164194,2.755292859
166.0,421.780186,0.082171141,2.752750872
166.1,421.8679053,0.082178088,2.750210415
166.2,421.9561274,0.082185035,2.747671488
166.3,422.0448389,0.082191983,2.745134088
166.4,422.1340268,0.082198932,2.742598214
166.5,422.2236778,0.082205881,2.740063863
166.6,422.3137787,0.082212831,2.737531033
166.7,422.4043164,0.082219781,2.734999724
166.8,422.4952775,0.082226732,2.732469932
166.9,422.5866489,0.082233684,2.729941657
167.0,422.6784173,0.082240636,2.727414896
167.1,422.7705694,0.082247589,2.724889647
167.2,422.863092,0.082254542,2.72236591
167.3,422.9559719,0.082261496,2.719843681
167.4,423.0491956,0.082268451,2.717322959
167.5,423.1427499,0.082275406,2.714803743
167.6,423.2366216,0.082282361,2.712286031
167.7,423.3307972,0.082289318,2.70976982
167.8,423.4252634,0.082296274,2.707255109
167.9,423.5200069,0.082303232,2.704741896
168.0,423.6150144,0.08231019,2.70223018
168.1,423.7102724,0.082317148,2.699719959
168.2,423.8057676,0.082324108,2.69721123
168.3,423.9014865,0.082331067,2.694703992
168.4,423.9974159,0.082338028,2.692198244
168.5,424.0935424,0.082344989,2.689693983
168.6,424.1898526,0.08235195,2.687191208
168.7,424.2863331,0.082358912,2.684689917
168.8,424.3829704,0.082365875,2.682190108
168.9,424.4797508,0.082372838,2.679691779
169.0,424.5766606,0.082379802,2.67719493
169.1,424.6736858,0.082386766,2.674699557
169.2,424.7708133,0.082393732,2.67220566
169.3,424.8680315,0.082400697,2.669713236
169.4,424.9653297,0.082407663,2.667222284
169.5,425.0626967,0.08241463,2.664732802
169.6,425.1601216,0.082421598,2.662244788
169.7,425.2575934,0.082428566,2.659758241
169.8,425.3551012,0.082435534,2.657273158
169.9,425.4526339,0.082442503,2.654789539
170.0,425.5501805,0.082449473,2.652307381
170.1,425.6477299,0.082456443,2.649826683
170.2,425.7452713,0.082463414,2.647347442
170.3,425.8427934,0.082470386,2.644869658
170.4,425.9402852,0.082477358,2.642393329
170.5,426.0377358,0.08248433,2.639918452
170.6,426.1351339,0.082491304,2.637445026
170.7,426.2324685,0.082498278,2.63497305
170.8,426.3297286,0.082505252,2.632502521
170.9,426.426903,0.082512227,2.630033439
171.0,426.5239805,0.082519203,2.627565801
171.1,426.6209502,0.082526179,2.625099605
171.2,426.7178007,0.082533156,2.622634851
171.3,426.8145211,0.082540133,2.620171535
171.4,426.9111001,0.082547111,2.617709658
171.5,427.0075265,0.082554089,2.615249216
171.6,427.1037892,0.082561069,2.612790208
171.7,427.199877,0.082568048,2.610332633
171.8,427.2957787,0.082575029,2.607876489
171.9,427.3914832,0.08258201,2.605421775
172.0,427.4869791,0.082588991,2.602968487
172.1,427.5822552,0.082595973,2.600516626
172.2,427.6773004,0.082602956,2.598066189
172.3,427.7721034,0.082609939,2.595617174
172.4,427.8666528,0.082616923,2.593169581
172.5,427.9609376,0.082623907,2.590723407
172.6,428.0549463,0.082630892,2.58827865
172.7,428.1486678,0.082637878,2.58583531
172.8,428.2420907,0.082644864,2.583393383
172.9,428.3352037,0.082651851,2.58095287
173.0,428.4279955,0.082658838,2.578513768
173.1,428.5204548,0.082665826,2.576076075
173.2,428.6125703,0.082672815,2.57363979
173.3,428.7043306,0.082679804,2.571204911
173.4,428.7957244,0.082686794,2.568771437
173.5,428.8867403,0.082693784,2.566339366
173.6,428.9773671,0.082700775,2.563908696
173.7,429.0675932,0.082707767,2.561479426
173.8,429.1574073,0.082714759,2.559051554
173.9,429.246798,0.082721751,2.556625079
174.0,429.3357538,0.082728745,2.554199998
174.1,429.4242635,0.082735739,2.551776311
174.2,429.5123155,0.082742733,2.549354016
174.3,429.5998985,0.082749728,2.546933111
174.4,429.6870009,0.082756724,2.544513594
174.5,429.7736114,0.08276372,2.542095464
174.6,429.8597185,0.082770717,2.53967872
174.7,429.9453107,0.082777714,2.537263359
174.8,430.0303769,0.082784712,2.53484938
174.9,430.1149059,0.082791711,2.532436783
175.0,430.1988864,0.08279871,2.530025564
175.1,430.2823073,0.08280571,2.527615722
175.2,430.3651573,0.08281271,2.525207257
175.3,430.447425,0.082819711,2.522800165
175.4,430.5290983,0.082826713,2.520394447
175.5,430.610165,0.082833715,2.5179901
175.6,430.6906127,0.082840718,2.515587122
175.7,430.770429,0.082847721,2.513185512
175.8,430.8496017,0.082854725,2.510785269
175.9,430.9281184,0.08286173,2.508386391
176.0,431.0059671,0.082868735,2.505988876
176.1,431.0831432,0.08287574,2.503592723
176.2,431.1596494,0.082882747,2.50119793
176.3,431.2354888,0.082889754,2.498804496
176.4,431.3106645,0.082896761,2.496412419
176.5,431.3851797,0.082903769,2.494021698
176.6,431.4590396,0.082910778,2.491632331
176.7,431.532254,0.082917787,2.489244317
176.8,431.6048295,0.082924797,2.486857653
176.9,431.6767725,0.082931807,2.48447234
177.0,431.7480892,0.082938818,2.482088374
177.1,431.8187861,0.08294583,2.479705755
177.2,431.8888696,0.082952842,2.47732448
177.3,431.9583463,0.082959855,2.474944549
177.4,432.0272225,0.082966869,2.47256596
177.5,432.0955049,0.082973883,2.470188712
177.6,432.1631999,0.082980897,2.467812802
177.7,432.2303139,0.082987912,2.46543823
177.8,432.2968535,0.082994928,2.463064994
177.9,432.3628252,0.083001944,2.460693092
178.0,432.4282354,0.083008961,2.458322523
178.1,432.4930907,0.083015979,2.455953286
178.2,432.5573977,0.083022997,2.453585378
178.3,432.6211627,0.083030016,2.451218799
178.4,432.6843925,0.083037035,2.448853547
178.5,432.7470934,0.083044055,2.44648962
178.6,432.8092721,0.083051076,2.444127017
178.7,432.8709352,0.083058097,2.441765737
178.8,432.932089,0.083065119,2.439405777
178.9,432.9927403,0.083072141,2.437047137
179.0,433.0528957,0.083079164,2.434689815
179.1,433.1125615,0.083086187,2.43233381
179.2,433.1717446,0.083093211,2.42997912
179.3,433.2304513,0.083100236,2.427625744
179.4,433.2886884,0.083107261,2.425273679
179.5,433.3464623,0.083114287,2.422922926
179.6,433.4037798,0.083121314,2.420573481
179.7,433.4606474,0.083128341,2.418225345
179.8,433.5170717,0.083135368,2.415878514
179.9,433.5730593,0.083142397,2.413532989
180.0,433.6286169,0.083149426,2.411188767
180.1,433.6837511,0.083156455,2.408845847
180.2,433.7384686,0.083163485,2.406504227
180.3,433.7927758,0.083170516,2.404163907
180.4,433.8466796,0.083177547,2.401824884
180.5,433.9001865,0.083184579,2.399487158
180.6,433.9533032,0.083191611,2.397150726
180.7,434.0060364,0.083198644,2.394815588
180.8,434.0583926,0.083205678,2.392481741
180.9,434.1103786,0.083212712,2.390149186
181.0,434.1620011,0.083219747,2.387817919
181.1,434.2132666,0.083226782,2.385487939
181.2,434.264182,0.083233818,2.383159246
181.3,434.3147538,0.083240855,2.380831838
181.4,434.3649887,0.083247892,2.378505713
181.5,434.4148934,0.08325493,2.37618087
181.6,434.4644744,0.083261968,2.373857308
181.7,434.5137384,0.083269007,2.371535025
181.8,434.562692,0.083276046,2.369214019
181.9,434.611342,0.083283087,2.36689429
182.0,434.6596951,0.083290127,2.364575836
182.1,434.7077582,0.083297169,2.362258655
182.2,434.7555381,0.08330421,2.359942747
182.3,434.8030415,0.083311253,2.357628109
182.4,434.8502753,0.083318296,2.355314741
182.5,434.8972462,0.08332534,2.35300264
182.6,434.9439612,0.083332384,2.350691806
182.7,434.9904269,0.083339429,2.348382237
182.8,435.0366503,0.083346475,2.346073932
182.9,435.0826382,0.083353521,2.34376689
183.0,435.1283967,0.083360567,2.341461108
183.1,435.1739302,0.083367615,2.339156586
183.2,435.2192421,0.083374662,2.336853322
183.3,435.264336,0.083381711,2.334551316
183.4,435.3092156,0.08338876,2.332250564
183.5,435.3538845,0.08339581,2.329951067
183.6,435.3983462,0.08340286,2.327652823
183.7,435.4426043,0.083409911,2.32535583
183.8,435.4866625,0.083416962,2.323060087
183.9,435.5305251,0.083424014,2.320765593
184.0,435.5741967,0.083431067,2.318472347
184.1,435.6176815,0.08343812,2.316180346
184.2,435.6609841,0.083445174,2.31388959
184.3,435.7041084,0.083452228,2.311600077
184.4,435.7470561,0.083459283,2.309311806
184.5,435.7898284,0.083466339,2.307024776
184.6,435.8324263,0.083473395,2.304738984
184.7,435.8748512,0.083480452,2.302454431
184.8,435.9171041,0.08348751,2.300171115
184.9,435.9591861,0.083494568,2.297889033
185.0,436.0010991,0.083501626,2.295608186
185.1,436.0428472,0.083508685,2.293328571
185.2,436.0844352,0.083515745,2.291050187
185.3,436.1258679,0.083522806,2.288773033
185.4,436.16715,0.083529867,2.286497108
185.5,436.2082864,0.083536928,2.28422241
185.6,436.2492818,0.08354399,2.281948938
185.7,436.290141,0.083551053,2.279676691
185.8,436.3308689,0.083558117,2.277405667
185.9,436.3714701,0.08356518,2.275135864
186.0,436.4119495,0.083572245,2.272867283
186.1,436.4523119,0.08357931,2.270599921
186.2,436.4925621,0.083586376,2.268333776
186.3,436.5327049,0.083593442,2.266068849
186.4,436.5727451,0.083600509,2.263805137
186.5,436.6126875,0.083607577,2.261542639
186.6,436.6525368,0.083614645,2.259281354
186.7,436.692298,0.083621714,2.25702128
186.8,436.7319758,0.083628783,2.254762417
186.9,436.771575,0.083635853,2.252504762
187.0,436.8111005,0.083642924,2.250248315
187.1,436.850557,0.083649995,2.247993075
187.2,436.8899493,0.083657067,2.245739039
187.3,436.9292824,0.083664139,2.243486208
187.4,436.9685609,0.083671212,2.241234578
187.5,437.0077898,0.083678285,2.23898415
187.6,437.0469739,0.083685359,2.236734922
187.7,437.0861179,0.083692434,2.234486893
187.8,437.1252267,0.08369951,2.23224006
187.9,437.1643051,0.083706585,2.229994424
188.0,437.203358,0.083713662,2.227749983
188.1,437.2423902,0.083720739,2.225506735
188.2,437.2814065,0.083727817,2.22326468
188.3,437.3204118,0.083734895,2.221023815
188.4,437.3594109,0.083741974,2.218784141
188.5,437.3984086,0.083749054,2.216545654
188.6,437.437409,0.083756134,2.214308355
188.7,437.4764128,0.083763214,2.212072242
188.8,437.5154202,0.083770296,2.209837314
188.9,437.554431,0.083777378,2.207603569
189.0,437.5934453,0.08378446,2.205371006
189.1,437.6324631,0.083791543,2.203139624
189.2,437.6714843,0.083798627,2.200909422
189.3,437.7105091,0.083805711,2.198680398
189.4,437.7495373,0.083812796,2.196452552
189.5,437.788569,0.083819882,2.194225881
189.6,437.8276041,0.083826968,2.192000385
189.7,437.8666428,0.083834054,2.189776063
189.8,437.9056849,0.083841142,2.187552913
189.9,437.9447305,0.08384823,2.185330933
190.0,437.9837796,0.083855318,2.183110124
