source	line	class	method
app/owlcms/data/agegroup/AgeGroup.java	226	AgeGroup	computeChampionshipName
app/owlcms/data/agegroup/AgeGroup.java	260	AgeGroup	getAgeFirstSortCode
app/owlcms/data/agegroup/AgeGroup.java	290	AgeGroup	getChampionship
app/owlcms/data/agegroup/AgeGroup.java	318	AgeGroup	isMixedTeams
app/owlcms/data/agegroup/AgeGroup.java	333	AgeGroup	getComputedScoringSystem
app/owlcms/data/agegroup/AgeGroup.java	370	AgeGroup	getGenderFirstSortCode
app/owlcms/data/agegroup/AgeGroup.java	392	AgeGroup	getMedalScoringSystem
app/owlcms/data/agegroup/AgeGroup.java	433	AgeGroup	getScoringTitle
app/owlcms/data/agegroup/AgeGroup.java	515	AgeGroup	setAgeFirstSortCode
app/owlcms/data/agegroup/AgeGroup.java	548	AgeGroup	setForceSave
app/owlcms/data/agegroup/AgeGroup.java	558	AgeGroup	setGenderFirstSortCode
app/owlcms/data/agegroup/AgeGroup.java	612	AgeGroup	computedBestAthleteScoringSystem
app/owlcms/data/athlete/Athlete.java	685	Athlete	computedCategoryScore
app/owlcms/data/athlete/Athlete.java	876	Athlete	getAbbreviatedName
app/owlcms/data/athlete/Athlete.java	903	Athlete	getFixedName
app/owlcms/data/athlete/Athlete.java	977	Athlete	getActualLift
app/owlcms/data/athlete/Athlete.java	989	Athlete	getActualLiftOrNull
app/owlcms/data/athlete/Athlete.java	1006	Athlete	getActuallyAttemptedLifts
app/owlcms/data/athlete/Athlete.java	1034	Athlete	getAge
app/owlcms/data/athlete/Athlete.java	1052	Athlete	getAgeAdjustedTotalRank
app/owlcms/data/athlete/Athlete.java	1060	Athlete	getQYouthRank
app/owlcms/data/athlete/Athlete.java	1072	Athlete	getAgeGroup
app/owlcms/data/athlete/Athlete.java	1079	Athlete	getMedalPolicy
app/owlcms/data/athlete/Athlete.java	1087	Athlete	isMedalist
app/owlcms/data/athlete/Athlete.java	1094	Athlete	getAgeGroupCodesAsString
app/owlcms/data/athlete/Athlete.java	1104	Athlete	getAgeGroupCodesMainFirstAsString
app/owlcms/data/athlete/Athlete.java	1131	Athlete	getAgeGroupTeams
app/owlcms/data/athlete/Athlete.java	1151	Athlete	getMixedAgeGroupTeams
app/owlcms/data/athlete/Athlete.java	1168	Athlete	getAllCategoriesAsString
app/owlcms/data/athlete/Athlete.java	1196	Athlete	getAttemptNumber
app/owlcms/data/athlete/Athlete.java	1202	Athlete	getAttemptProgression
app/owlcms/data/athlete/Athlete.java	1213	Athlete	getAttemptsDone
app/owlcms/data/athlete/Athlete.java	1224	Athlete	getBestCleanJerk
app/owlcms/data/athlete/Athlete.java	1246	Athlete	getBestCleanJerkAttemptNumber
app/owlcms/data/athlete/Athlete.java	1268	Athlete	getBestCleanJerkAttemptTime
app/owlcms/data/athlete/Athlete.java	1285	Athlete	getBestLifterRank
app/owlcms/data/athlete/Athlete.java	1301	Athlete	getBestLifterScore
app/owlcms/data/athlete/Athlete.java	1321	Athlete	getBestResultAttemptNumber
app/owlcms/data/athlete/Athlete.java	1358	Athlete	getBestSnatch
app/owlcms/data/athlete/Athlete.java	1380	Athlete	getBestSnatchAttemptNumber
app/owlcms/data/athlete/Athlete.java	1402	Athlete	getBestSnatchAttemptTime
app/owlcms/data/athlete/Athlete.java	1427	Athlete	getBirthDate
app/owlcms/data/athlete/Athlete.java	1447	Athlete	getBWCategory
app/owlcms/data/athlete/Athlete.java	1472	Athlete	getCategoryCode
app/owlcms/data/athlete/Athlete.java	1483	Athlete	getCategoryName
app/owlcms/data/athlete/Athlete.java	1488	Athlete	getCategoryFinished
app/owlcms/data/athlete/Athlete.java	1508	Athlete	shouldHidePublishedCategoryScore
app/owlcms/data/athlete/Athlete.java	1514	Athlete	getCategorySortCode
app/owlcms/data/athlete/Athlete.java	1530	Athlete	getCatSinclairFactor
app/owlcms/data/athlete/Athlete.java	1562	Athlete	getCleanJerk1AsInteger
app/owlcms/data/athlete/Athlete.java	1627	Athlete	getCleanJerk2AsInteger
app/owlcms/data/athlete/Athlete.java	1693	Athlete	getCleanJerk3AsInteger
app/owlcms/data/athlete/Athlete.java	1750	Athlete	getCleanJerkAttemptsDone
app/owlcms/data/athlete/Athlete.java	1779	Athlete	getCleanJerkPoints
app/owlcms/data/athlete/Athlete.java	1790	Athlete	getCleanJerkRank
app/owlcms/data/athlete/Athlete.java	1804	Athlete	getCleanJerkTotal
app/owlcms/data/athlete/Athlete.java	1831	Athlete	getCombinedPoints
app/owlcms/data/athlete/Athlete.java	1857	Athlete	getCumulativeAttemptProgression
app/owlcms/data/athlete/Athlete.java	1863	Athlete	getCumulativeProgression
app/owlcms/data/athlete/Athlete.java	1875	Athlete	getCurrentAutomatic
app/owlcms/data/athlete/Athlete.java	1900	Athlete	getCurrentChange1
app/owlcms/data/athlete/Athlete.java	1925	Athlete	getCurrentDeclaration
app/owlcms/data/athlete/Athlete.java	1964	Athlete	getCustomPoints
app/owlcms/data/athlete/Athlete.java	1977	Athlete	getCustomRank
app/owlcms/data/athlete/Athlete.java	1995	Athlete	getDisplayCategory
app/owlcms/data/athlete/Athlete.java	2003	Athlete	getDisplayGroup
app/owlcms/data/athlete/Athlete.java	2014	Athlete	getEligibleCategories
app/owlcms/data/athlete/Athlete.java	2029	Athlete	getEligibleCategoriesAsString
app/owlcms/data/athlete/Athlete.java	2073	Athlete	getFirstAttemptedLiftTime
app/owlcms/data/athlete/Athlete.java	2105	Athlete	getFop
app/owlcms/data/athlete/Athlete.java	2118	Athlete	getFormattedBirth
app/owlcms/data/athlete/Athlete.java	2137	Athlete	getFullBirthDate
app/owlcms/data/athlete/Athlete.java	2154	Athlete	getFullId
app/owlcms/data/athlete/Athlete.java	2167	Athlete	getFullName
app/owlcms/data/athlete/Athlete.java	2173	Athlete	computeRawFullName
app/owlcms/data/athlete/Athlete.java	2187	Athlete	getGamx
app/owlcms/data/athlete/Athlete.java	2196	Athlete	getGamxRank
app/owlcms/data/athlete/Athlete.java	2202	Athlete	getGamxM
app/owlcms/data/athlete/Athlete.java	2211	Athlete	getGamxMRank
app/owlcms/data/athlete/Athlete.java	2217	Athlete	getGamxMS
app/owlcms/data/athlete/Athlete.java	2223	Athlete	getGamxMSRank
app/owlcms/data/athlete/Athlete.java	2229	Athlete	getGamxMC
app/owlcms/data/athlete/Athlete.java	2235	Athlete	getGamxMCRank
app/owlcms/data/athlete/Athlete.java	2241	Athlete	getGamxU
app/owlcms/data/athlete/Athlete.java	2250	Athlete	getGamxURank
app/owlcms/data/athlete/Athlete.java	2256	Athlete	getGamxA
app/owlcms/data/athlete/Athlete.java	2265	Athlete	getGamxARank
app/owlcms/data/athlete/Athlete.java	2271	Athlete	getGamxS
app/owlcms/data/athlete/Athlete.java	2277	Athlete	getGamxSRank
app/owlcms/data/athlete/Athlete.java	2283	Athlete	getGamxC
app/owlcms/data/athlete/Athlete.java	2289	Athlete	getGamxCRank
app/owlcms/data/athlete/Athlete.java	2295	Athlete	getGamxForDelta
app/owlcms/data/athlete/Athlete.java	2306	Athlete	getGamxMForDelta
app/owlcms/data/athlete/Athlete.java	2317	Athlete	getGamxMSForDelta
app/owlcms/data/athlete/Athlete.java	2323	Athlete	getGamxMCForDelta
app/owlcms/data/athlete/Athlete.java	2329	Athlete	getGamxUForDelta
app/owlcms/data/athlete/Athlete.java	2340	Athlete	getGamxAForDelta
app/owlcms/data/athlete/Athlete.java	2351	Athlete	getGamxSForDelta
app/owlcms/data/athlete/Athlete.java	2357	Athlete	getGamxCForDelta
app/owlcms/data/athlete/Athlete.java	2370	Athlete	getGlobalScore
app/owlcms/data/athlete/Athlete.java	2376	Athlete	setGlobalScore
app/owlcms/data/athlete/Athlete.java	2410	Athlete	getIsoBirth
app/owlcms/data/athlete/Athlete.java	2427	Athlete	getLastAttemptedLiftTime
app/owlcms/data/athlete/Athlete.java	2462	Athlete	getLastSuccessfulLiftTime
app/owlcms/data/athlete/Athlete.java	2500	Athlete	getLogger
app/owlcms/data/athlete/Athlete.java	2511	Athlete	getLongCategory
app/owlcms/data/athlete/Athlete.java	2536	Athlete	getKey
app/owlcms/data/athlete/Athlete.java	2555	Athlete	getMainRankings
app/owlcms/data/athlete/Athlete.java	2566	Athlete	getMastersAgeGroup
app/owlcms/data/athlete/Athlete.java	2580	Athlete	getMastersAgeGroupInterval
app/owlcms/data/athlete/Athlete.java	2602	Athlete	getMastersGenderAgeGroupInterval
app/owlcms/data/athlete/Athlete.java	2618	Athlete	getMastersLongCategory
app/owlcms/data/athlete/Athlete.java	2629	Athlete	getMedalRank
app/owlcms/data/athlete/Athlete.java	2653	Athlete	getNextAttemptRequestedWeight
app/owlcms/data/athlete/Athlete.java	2664	Athlete	getCleanParticipations
app/owlcms/data/athlete/Athlete.java	2684	Athlete	getPossibleAgeGroupTeams
app/owlcms/data/athlete/Athlete.java	2702	Athlete	getPossibleMixedAgeGroupTeams
app/owlcms/data/athlete/Athlete.java	2718	Athlete	getPresumedBodyWeight
app/owlcms/data/athlete/Athlete.java	2731	Athlete	getPresumedBodyWeightString
app/owlcms/data/athlete/Athlete.java	2747	Athlete	getPresumedOpenCategoryString
app/owlcms/data/athlete/Athlete.java	2770	Athlete	getPreviousLiftTime
app/owlcms/data/athlete/Athlete.java	2818	Athlete	getProgression
app/owlcms/data/athlete/Athlete.java	2830	Athlete	getQMastersRank
app/owlcms/data/athlete/Athlete.java	2836	Athlete	getQMastersFactor
app/owlcms/data/athlete/Athlete.java	2846	Athlete	getqPoints
app/owlcms/data/athlete/Athlete.java	2863	Athlete	getQPoints
app/owlcms/data/athlete/Athlete.java	2869	Athlete	getqPointsForDelta
app/owlcms/data/athlete/Athlete.java	2876	Athlete	getQPointsForDelta
app/owlcms/data/athlete/Athlete.java	2903	Athlete	getRank
app/owlcms/data/athlete/Athlete.java	2915	Athlete	getRegistrationCategory
app/owlcms/data/athlete/Athlete.java	2927	Athlete	getRequestedWeightForAttempt
app/owlcms/data/athlete/Athlete.java	2967	Athlete	getRobi
app/owlcms/data/athlete/Athlete.java	2992	Athlete	getRobiWr
app/owlcms/data/athlete/Athlete.java	3003	Athlete	getRoundedBodyWeight
app/owlcms/data/athlete/Athlete.java	3021	Athlete	getShortCategory
app/owlcms/data/athlete/Athlete.java	3027	Athlete	getShortName
app/owlcms/data/athlete/Athlete.java	3044	Athlete	getSinclair
app/owlcms/data/athlete/Athlete.java	3059	Athlete	getSinclair
app/owlcms/data/athlete/Athlete.java	3071	Athlete	getSinclairFactor
app/owlcms/data/athlete/Athlete.java	3090	Athlete	getSinclairForDelta
app/owlcms/data/athlete/Athlete.java	3106	Athlete	getSinclairForDelta
app/owlcms/data/athlete/Athlete.java	3134	Athlete	getSmhf
app/owlcms/data/athlete/Athlete.java	3143	Athlete	getSmhfFactor
app/owlcms/data/athlete/Athlete.java	3158	Athlete	getSmhfForDelta
app/owlcms/data/athlete/Athlete.java	3166	Athlete	getSmhfRank
app/owlcms/data/athlete/Athlete.java	3172	Athlete	getSmm
app/owlcms/data/athlete/Athlete.java	3178	Athlete	getSmmRank
app/owlcms/data/athlete/Athlete.java	3198	Athlete	getSnatch1AsInteger
app/owlcms/data/athlete/Athlete.java	3263	Athlete	getSnatch2AsInteger
app/owlcms/data/athlete/Athlete.java	3329	Athlete	getSnatch3AsInteger
app/owlcms/data/athlete/Athlete.java	3386	Athlete	getSnatchAttemptsDone
app/owlcms/data/athlete/Athlete.java	3443	Athlete	getSnatchTotal
app/owlcms/data/athlete/Athlete.java	3451	Athlete	getSortedCategoriesAsString
app/owlcms/data/athlete/Athlete.java	3484	Athlete	getTeamFlagPath
app/owlcms/data/athlete/Athlete.java	3491	Athlete	getTeamAgeGroupsAsString
app/owlcms/data/athlete/Athlete.java	3542	Athlete	getMixedTeamMember
app/owlcms/data/athlete/Athlete.java	3648	Athlete	isATeamMember
app/owlcms/data/athlete/Athlete.java	3654	Athlete	isCategoryFinished
app/owlcms/data/athlete/Athlete.java	3753	Athlete	isDone
app/owlcms/data/athlete/Athlete.java	3775	Athlete	isDone
app/owlcms/data/athlete/Athlete.java	3821	Athlete	isInvited
app/owlcms/data/athlete/Athlete.java	3827	Athlete	isTeamMember
app/owlcms/data/athlete/Athlete.java	3833	Athlete	isMixedTeamMember
app/owlcms/data/athlete/Athlete.java	3839	Athlete	getRawTotalPoints
app/owlcms/data/athlete/Athlete.java	3846	Athlete	getRawSnatchPoints
app/owlcms/data/athlete/Athlete.java	3853	Athlete	getRawCleanJerkPoints
app/owlcms/data/athlete/Athlete.java	3860	Athlete	getRawCombinedPoints
app/owlcms/data/athlete/Athlete.java	3867	Athlete	isValidation
app/owlcms/data/athlete/Athlete.java	3929	Athlete	setQYouthRank
app/owlcms/data/athlete/Athlete.java	3941	Athlete	setAgeGroupTeams
app/owlcms/data/athlete/Athlete.java	3956	Athlete	setMixedAgeGroupTeams
app/owlcms/data/athlete/Athlete.java	3999	Athlete	setBirthDate
app/owlcms/data/athlete/Athlete.java	4037	Athlete	setCategoryFinished
app/owlcms/data/athlete/Athlete.java	4046	Athlete	setCategoryScoreRank
app/owlcms/data/athlete/Athlete.java	4365	Athlete	setCleanJerkPoints
app/owlcms/data/athlete/Athlete.java	4371	Athlete	setCleanJerkRank
app/owlcms/data/athlete/Athlete.java	4410	Athlete	setCustomPoints
app/owlcms/data/athlete/Athlete.java	4421	Athlete	setCustomRank
app/owlcms/data/athlete/Athlete.java	4548	Athlete	setFullBirthDate
app/owlcms/data/athlete/Athlete.java	4734	Athlete	setQMastersRank
app/owlcms/data/athlete/Athlete.java	5068	Athlete	setSnatchPoints
app/owlcms/data/athlete/Athlete.java	5074	Athlete	setSnatchRank
app/owlcms/data/athlete/Athlete.java	5080	Athlete	setSortedCategoriesAsString
app/owlcms/data/athlete/Athlete.java	5199	Athlete	setTotalPoints
app/owlcms/data/athlete/Athlete.java	5205	Athlete	setTotalRank
app/owlcms/data/athlete/Athlete.java	5220	Athlete	setYearOfBirth
app/owlcms/data/athlete/Athlete.java	6126	Athlete	getActualLiftStringOrElseNull
app/owlcms/data/athlete/Athlete.java	6164	Athlete	getMastersSinclair
app/owlcms/data/athlete/Athlete.java	6192	Athlete	getMastersSinclairForDelta
app/owlcms/data/athlete/Athlete.java	6218	Athlete	getRunningLiftOrderInfo
app/owlcms/data/athlete/Athlete.java	6237	Athlete	getSinclair
app/owlcms/data/athlete/Athlete.java	6295	Athlete	getStartingTotalMargin
app/owlcms/data/athlete/Athlete.java	6320	Athlete	isSameAthleteAs
app/owlcms/data/athlete/Athlete.java	6574	Athlete	getQYouth
app/owlcms/data/athlete/Athlete.java	6580	Athlete	getAgeAdjustedTotal
app/owlcms/data/athlete/Athlete.java	6590	Athlete	getQYouthForDelta
app/owlcms/data/athlete/Athlete.java	6596	Athlete	getAgeAdjustedTotalForDelta
app/owlcms/data/athlete/Athlete.java	6605	Athlete	getQMasters
app/owlcms/data/athlete/Athlete.java	6611	Athlete	getQAge
app/owlcms/data/athlete/Athlete.java	6619	Athlete	getQMastersForDelta
app/owlcms/data/athlete/Athlete.java	6625	Athlete	getQAgeForDelta
app/owlcms/data/athlete/Athlete.java	6633	Athlete	getCategoryScore
app/owlcms/data/athlete/Athlete.java	6642	Athlete	setCategoryScore
app/owlcms/data/athlete/Athlete.java	6648	Athlete	getCategoryScoreForDelta
app/owlcms/data/athlete/Athlete.java	6664	Athlete	setCategoryScoreForDelta
app/owlcms/data/athlete/Athlete.java	6670	Athlete	getCategorySinclair
app/owlcms/data/athlete/Athlete.java	6676	Athlete	getCategoryQPoints
app/owlcms/data/athlete/Athlete.java	6691	Athlete	getCategorySinclairForDelta
app/owlcms/data/athlete/Athlete.java	6734	Athlete	getCategoryQPointsForDelta
app/owlcms/data/athlete/Athlete.java	6759	Athlete	getCategoryGAMX
app/owlcms/data/athlete/Athlete.java	6765	Athlete	getCategoryGAMXForDelta
app/owlcms/data/athlete/Athlete.java	6788	Athlete	computeIwfCategoryBodyWeight
app/owlcms/data/athlete/Athlete.java	6862	Athlete	getLiftTime
app/owlcms/data/category/Category.java	262	Category	getStoredActive
app/owlcms/data/category/Category.java	267	Category	getCode
app/owlcms/data/category/Category.java	272	Category	getCodeLimitString
app/owlcms/data/category/Category.java	289	Category	getComputedCode
app/owlcms/data/category/Category.java	306	Category	getCategoryName
app/owlcms/data/category/Category.java	312	Category	getDisplayName
app/owlcms/data/category/Category.java	343	Category	getLimitString
app/owlcms/data/category/Category.java	376	Category	getMedalingSortCode
app/owlcms/data/category/Category.java	401	Category	getNameWithAgeGroup
app/owlcms/data/category/Category.java	438	Category	getSafeName
app/owlcms/data/category/Category.java	444	Category	getSortCode
app/owlcms/data/category/Category.java	459	Category	getSortCodeLimitString
app/owlcms/data/category/Category.java	616	Category	setMedalingSortCode
app/owlcms/data/category/Category.java	674	Category	isAlreadyGendered
app/owlcms/data/category/Category.java	681	Category	getAgeGroupCode
app/owlcms/data/category/Participation.java	142	Participation	getCategoryScore
app/owlcms/data/category/Participation.java	149	Participation	getCategoryScoreRank
app/owlcms/data/category/Participation.java	157	Participation	getCleanJerkPoints
app/owlcms/data/category/Participation.java	170	Participation	getCombinedPoints
app/owlcms/data/category/Participation.java	176	Participation	getRawTotalPoints
app/owlcms/data/category/Participation.java	182	Participation	getRawSnatchPoints
app/owlcms/data/category/Participation.java	188	Participation	getRawCleanJerkPoints
app/owlcms/data/category/Participation.java	194	Participation	getRawCombinedPoints
app/owlcms/data/category/Participation.java	208	Participation	getCustomPoints
app/owlcms/data/category/Participation.java	226	Participation	getSnatchPoints
app/owlcms/data/category/Participation.java	267	Participation	getTotalPoints
app/owlcms/data/competition/Competition.java	907	Competition	getCompetitionDateAsDate
app/owlcms/data/competition/Competition.java	940	Competition	getComputedCardsTemplateFileName
app/owlcms/data/competition/Competition.java	950	Competition	getComputedCategoriesListTemplateFileName
app/owlcms/data/competition/Competition.java	959	Competition	getComputedCurrentRecordsTemplateFileName
app/owlcms/data/competition/Competition.java	982	Competition	getComputedJuryTemplateFileName
app/owlcms/data/competition/Competition.java	991	Competition	getComputedMedalScheduleTemplateFileName
app/owlcms/data/competition/Competition.java	1006	Competition	getComputedMedalsTemplateFileName
app/owlcms/data/competition/Competition.java	1016	Competition	getComputedOfficialsListTemplateFileName
app/owlcms/data/competition/Competition.java	1031	Competition	getComputedProtocolTemplateFileName
app/owlcms/data/competition/Competition.java	1047	Competition	getComputedResultsTemplateFileName
app/owlcms/data/competition/Competition.java	1057	Competition	getComputedStartListTemplateFileName
app/owlcms/data/competition/Competition.java	1066	Competition	getComputedTeamsListTemplateFileName
app/owlcms/data/competition/Competition.java	1075	Competition	getComputedTeamResultsTemplateFileName
app/owlcms/data/competition/Competition.java	1084	Competition	getComputedTechnicalOfficialsTemplateFileName
app/owlcms/data/competition/Competition.java	1273	Competition	getGlobalRanking
app/owlcms/data/competition/Competition.java	1283	Competition	getGlobalScoreRanking
app/owlcms/data/competition/Competition.java	1327	Competition	getListOrElseRecompute
app/owlcms/data/competition/Competition.java	1449	Competition	getMenBestNElseDefault
app/owlcms/data/competition/Competition.java	1461	Competition	getMixedBestNElseDefault
app/owlcms/data/competition/Competition.java	1512	Competition	getReportingBeans
app/owlcms/data/competition/Competition.java	1522	Competition	getLegacyCompetitionScoringSystem
app/owlcms/data/competition/Competition.java	1547	Competition	getLegacyCompetitionBestAthleteScoringSystemForMigration
app/owlcms/data/competition/Competition.java	1556	Competition	getLegacyCompetitionBestAthleteScoringSystemOrDefault
app/owlcms/data/competition/Competition.java	1584	Competition	migrateToChampionship
app/owlcms/data/competition/Competition.java	1655	Competition	getBestAthleteScoringSystem
app/owlcms/data/competition/Competition.java	1721	Competition	getWomenBestNElseDefault
app/owlcms/data/competition/Competition.java	1768	Competition	isByAgeGroup
app/owlcms/data/competition/Competition.java	1908	Competition	isUseRegistrationCategory
app/owlcms/data/competition/Competition.java	2310	Competition	setUseRegistrationCategory
app/owlcms/data/config/Config.java	245	Config	isRecordRepository
app/owlcms/data/config/Config.java	498	Config	getDisplayPinForField
app/owlcms/data/config/Config.java	521	Config	getForwardingDestinations
app/owlcms/data/config/Config.java	527	Config	getEffectiveForwardingDestinations
app/owlcms/data/config/Config.java	581	Config	getLocale
app/owlcms/data/config/Config.java	625	Config	getMqttPasswordForField
app/owlcms/data/config/Config.java	646	Config	getParamAccessList
app/owlcms/data/config/Config.java	663	Config	getParamBackdoorList
app/owlcms/data/config/Config.java	677	Config	getParamDecisionUrl
app/owlcms/data/config/Config.java	691	Config	getParamDisplayList
app/owlcms/data/config/Config.java	708	Config	getParamDisplayPin
app/owlcms/data/config/Config.java	732	Config	getParamMqttInternal
app/owlcms/data/config/Config.java	743	Config	getParamEventForwardingEnabled
app/owlcms/data/config/Config.java	753	Config	getParamMqttPassword
app/owlcms/data/config/Config.java	772	Config	getParamMqttPort
app/owlcms/data/config/Config.java	789	Config	getParamMqttWsPort
app/owlcms/data/config/Config.java	802	Config	getParamMqttServer
app/owlcms/data/config/Config.java	812	Config	getParamMqttUserName
app/owlcms/data/config/Config.java	829	Config	getParamPin
app/owlcms/data/config/Config.java	864	Config	getParamPublicResultsURL
app/owlcms/data/config/Config.java	884	Config	getParamStylesDir
app/owlcms/data/config/Config.java	929	Config	getParamTimerUrl
app/owlcms/data/config/Config.java	946	Config	getParamUpdateKey
app/owlcms/data/config/Config.java	960	Config	getParamUpdateUrl
app/owlcms/data/config/Config.java	974	Config	getParamVideoDataDecisionUrl
app/owlcms/data/config/Config.java	991	Config	getParamVideoDataKey
app/owlcms/data/config/Config.java	1005	Config	getParamVideoDataTimerUrl
app/owlcms/data/config/Config.java	1019	Config	getParamVideoDataUpdateUrl
app/owlcms/data/config/Config.java	1036	Config	getParamVideoDataURL
app/owlcms/data/config/Config.java	1054	Config	getParamVideoStylesDir
app/owlcms/data/config/Config.java	1086	Config	getParamPublicStylesDir
app/owlcms/data/config/Config.java	1122	Config	getPinForField
app/owlcms/data/config/Config.java	1141	Config	getStylesDirBase
app/owlcms/data/config/Config.java	1178	Config	getVideoStylesDirBase
app/owlcms/data/config/Config.java	1198	Config	isClearZip
app/owlcms/data/config/Config.java	1207	Config	isIgnoreCaching
app/owlcms/data/config/Config.java	1221	Config	isTraceMemory
app/owlcms/data/config/Config.java	1230	Config	isUseCompetitionDate
app/owlcms/data/config/Config.java	1347	Config	getLocalZipBlobBytes
app/owlcms/data/group/Group.java	517	Group	getAgeGroupInfo
app/owlcms/data/group/Group.java	524	Group	getAgeGroupInfoByAge
app/owlcms/data/group/Group.java	531	Group	getAlphaAthletes
app/owlcms/data/group/Group.java	548	Group	getAnnouncerAsTO
app/owlcms/data/group/Group.java	558	Group	getAthletes
app/owlcms/data/group/Group.java	564	Group	getRecords
app/owlcms/data/group/Group.java	572	Group	setRecords
app/owlcms/data/group/Group.java	581	Group	getCleanJerkBreakMinutes
app/owlcms/data/group/Group.java	606	Group	getCompetitionDirectorAsTO
app/owlcms/data/group/Group.java	617	Group	getCompetitionSecretaryAsTO
app/owlcms/data/group/Group.java	628	Group	getCompetitionSecretary2AsTO
app/owlcms/data/group/Group.java	642	Group	getCompetitionShortDateTime
app/owlcms/data/group/Group.java	664	Group	getCompetitionTimeAsDate
app/owlcms/data/group/Group.java	670	Group	getCompetitionTimeAsExcelDate
app/owlcms/data/group/Group.java	681	Group	getFormattedRange
app/owlcms/data/group/Group.java	790	Group	getIntlStartDay
app/owlcms/data/group/Group.java	808	Group	getIntlStartHour
app/owlcms/data/group/Group.java	826	Group	getIntlWeighInDay
app/owlcms/data/group/Group.java	844	Group	getIntlWeighInHour
app/owlcms/data/group/Group.java	876	Group	getJury1AsTO
app/owlcms/data/group/Group.java	890	Group	getJury2AsTO
app/owlcms/data/group/Group.java	904	Group	getJury3AsTO
app/owlcms/data/group/Group.java	918	Group	getJury4AsTO
app/owlcms/data/group/Group.java	932	Group	getJury5AsTO
app/owlcms/data/group/Group.java	944	Group	getLocalizedStartDay
app/owlcms/data/group/Group.java	966	Group	getLocalizedStartHour
app/owlcms/data/group/Group.java	984	Group	getLocalStartHour
app/owlcms/data/group/Group.java	995	Group	getLocalWeighInDay
app/owlcms/data/group/Group.java	1018	Group	getLocalWeighInHour
app/owlcms/data/group/Group.java	1039	Group	getMarshal2AsTO
app/owlcms/data/group/Group.java	1055	Group	getMarshallAsTO
app/owlcms/data/group/Group.java	1099	Group	getReferee1AsTO
app/owlcms/data/group/Group.java	1115	Group	getReferee2AsTO
app/owlcms/data/group/Group.java	1131	Group	getReferee3AsTO
app/owlcms/data/group/Group.java	1145	Group	getReserveJuryAsTO
app/owlcms/data/group/Group.java	1195	Group	getDoctorAsTO
app/owlcms/data/group/Group.java	1202	Group	getDoctor2AsTO
app/owlcms/data/group/Group.java	1209	Group	getDoctor3AsTO
app/owlcms/data/group/Group.java	1223	Group	getReserveAsTO
app/owlcms/data/group/Group.java	1230	Group	getSessionBlock
app/owlcms/data/group/Group.java	1253	Group	getStartingRange
app/owlcms/data/group/Group.java	1286	Group	getTechnicalController2AsTO
app/owlcms/data/group/Group.java	1293	Group	getTechnicalController3AsTO
app/owlcms/data/group/Group.java	1300	Group	getTechnicalControllerAsTO
app/owlcms/data/group/Group.java	1316	Group	getTimeKeeperAsTO
app/owlcms/data/group/Group.java	1327	Group	getWeighIn1AsTO
app/owlcms/data/group/Group.java	1338	Group	getWeighIn2AsTO
app/owlcms/data/group/Group.java	1350	Group	getWeighInShortDateTime
app/owlcms/data/group/Group.java	1372	Group	getWeighInTimeAsDate
app/owlcms/data/group/Group.java	1676	Group	getFirstSnatchExcelTime
app/owlcms/data/group/Group.java	1683	Group	getFirstCJExcelTime
app/owlcms/data/group/Group.java	1689	Group	getLastSnatchDecisionExcelTime
app/owlcms/data/group/Group.java	1695	Group	getLastCJDecisionExcelTime
app/owlcms/data/platform/Platform.java	902	Platform	getSessions
app/owlcms/data/records/RecordConfig.java	111	RecordConfig	getLoadedFiles
app/owlcms/data/records/RecordConfig.java	134	RecordConfig	setLoadedFiles
app/owlcms/data/records/RecordEvent.java	240	RecordEvent	getBirth
app/owlcms/data/records/RecordEvent.java	328	RecordEvent	getKey
app/owlcms/data/records/RecordEvent.java	343	RecordEvent	getRecordDateAsString
app/owlcms/data/records/RecordEvent.java	372	RecordEvent	getResAthleteName
app/owlcms/data/records/RecordEvent.java	378	RecordEvent	getResRecordLift
app/owlcms/data/records/RecordEvent.java	396	RecordEvent	getTranslatedGender
app/owlcms/data/records/RecordEvent.java	405	RecordEvent	getTranslatedLift
app/owlcms/data/records/RecordEvent.java	741	RecordEvent	getName
app/owlcms/data/technicalofficial/TechnicalOfficial.java	307	TechnicalOfficial	getCredentialType
app/owlcms/data/technicalofficial/TechnicalOfficial.java	318	TechnicalOfficial	getTranslatedAccreditationRole
app/owlcms/data/technicalofficial/TechnicalOfficial.java	331	TechnicalOfficial	getTranslatedRole
app/owlcms/data/technicalofficial/TechnicalOfficial.java	342	TechnicalOfficial	getTranslatedCredentialType
app/owlcms/data/technicalofficial/TechnicalOfficial.java	352	TechnicalOfficial	getTeamFlagPath
