source	line	class	memberKind	member	memberType	beanProperty	matchingField	fieldType	fieldAnnotations	formerlyMethodTransient	classification
app/owlcms/data/agegroup/AgeGroup.java	119	AgeGroup	FIELD	categoriesAsString	String	categoriesAsString	categoriesAsString	String	@JsonIgnore,@Transient		FIELD_JPA_EXCLUDED
app/owlcms/data/agegroup/AgeGroup.java	142	AgeGroup	FIELD	id	Long	id	id	Long	@Id,@JsonIgnore		FIELD_STILL_PERSISTED
app/owlcms/data/agegroup/AgeGroup.java	149	AgeGroup	FIELD	forceSave	Boolean	forceSave	forceSave	Boolean	@JsonIgnore,@Transient		FIELD_JPA_EXCLUDED
app/owlcms/data/agegroup/AgeGroup.java	225	AgeGroup	METHOD	computeChampionshipName	String					yes	COMPUTED_SCALAR_NO_FIELD
app/owlcms/data/agegroup/AgeGroup.java	259	AgeGroup	METHOD	getAgeFirstSortCode	String	ageFirstSortCode				yes	COMPUTED_SCALAR_NO_FIELD
app/owlcms/data/agegroup/AgeGroup.java	266	AgeGroup	METHOD	getAllCategories	List<Category>	allCategories				no	COMPUTED_OBJECT_NO_FIELD
app/owlcms/data/agegroup/AgeGroup.java	287	AgeGroup	METHOD	getChampionship	Championship	championship				yes	COMPUTED_OBJECT_NO_FIELD
app/owlcms/data/agegroup/AgeGroup.java	315	AgeGroup	METHOD	isMixedTeams	boolean	mixedTeams				yes	COMPUTED_SCALAR_NO_FIELD
app/owlcms/data/agegroup/AgeGroup.java	329	AgeGroup	METHOD	getComputedScoringSystem	Ranking	computedScoringSystem				yes	COMPUTED_SCALAR_NO_FIELD
app/owlcms/data/agegroup/AgeGroup.java	339	AgeGroup	METHOD	getDisplayName	String	displayName				no	COMPUTED_SCALAR_NO_FIELD
app/owlcms/data/agegroup/AgeGroup.java	365	AgeGroup	METHOD	getGenderFirstSortCode	String	genderFirstSortCode				yes	COMPUTED_SCALAR_NO_FIELD
app/owlcms/data/agegroup/AgeGroup.java	386	AgeGroup	METHOD	getMedalScoringSystem	Ranking	medalScoringSystem				yes	COMPUTED_SCALAR_NO_FIELD
app/owlcms/data/agegroup/AgeGroup.java	396	AgeGroup	METHOD	getName	String	name				no	COMPUTED_SCALAR_NO_FIELD
app/owlcms/data/agegroup/AgeGroup.java	426	AgeGroup	METHOD	getScoringTitle	String	scoringTitle				yes	COMPUTED_SCALAR_NO_FIELD
app/owlcms/data/agegroup/AgeGroup.java	507	AgeGroup	METHOD	setAgeFirstSortCode	String	ageFirstSortCode				yes	COMPUTED_SCALAR_NO_FIELD
app/owlcms/data/agegroup/AgeGroup.java	539	AgeGroup	METHOD	setForceSave	boolean	forceSave	forceSave	Boolean	@JsonIgnore,@Transient	yes	MATCHING_FIELD_JPA_EXCLUDED
app/owlcms/data/agegroup/AgeGroup.java	548	AgeGroup	METHOD	setGenderFirstSortCode	String	genderFirstSortCode				yes	COMPUTED_SCALAR_NO_FIELD
app/owlcms/data/agegroup/AgeGroup.java	601	AgeGroup	METHOD	computedBestAthleteScoringSystem	Ranking					yes	COMPUTED_SCALAR_NO_FIELD
app/owlcms/data/agegroup/Championship.java	628	Championship	METHOD	isCombinedMenWomenTeams	boolean	combinedMenWomenTeams				no	COMPUTED_SCALAR_NO_FIELD
app/owlcms/data/agegroup/Championship.java	645	Championship	METHOD	getConfiguredTeamSize	int					no	COMPUTED_SCALAR_NO_FIELD
app/owlcms/data/agegroup/Championship.java	664	Championship	METHOD	getGenderedTeamSize	int					no	COMPUTED_SCALAR_NO_FIELD
app/owlcms/data/agegroup/Championship.java	669	Championship	METHOD	getMixedTeamSize	int					no	COMPUTED_SCALAR_NO_FIELD
app/owlcms/data/agegroup/Championship.java	726	Championship	METHOD	isDefault	boolean	default				no	COMPUTED_SCALAR_NO_FIELD
app/owlcms/data/agegroup/Championship.java	731	Championship	METHOD	isMixed	boolean	mixed				no	COMPUTED_SCALAR_NO_FIELD
app/owlcms/data/agegroup/Championship.java	875	Championship	METHOD	usesCompetitionDefaults	boolean					no	COMPUTED_SCALAR_NO_FIELD
app/owlcms/data/agegroup/Championship.java	886	Championship	METHOD	computeUsesCompetitionDefaults	boolean					no	COMPUTED_SCALAR_NO_FIELD
app/owlcms/data/agegroup/Championship.java	891	Championship	METHOD	computeDifferentFromCompetitionDefaults	boolean					no	COMPUTED_SCALAR_NO_FIELD
app/owlcms/data/agegroup/Championship.java	1007	Championship	METHOD	isScoreMedalChampionship	boolean	scoreMedalChampionship				no	COMPUTED_SCALAR_NO_FIELD
app/owlcms/data/agegroup/Championship.java	1013	Championship	METHOD	isSinclair	boolean	sinclair				no	COMPUTED_SCALAR_NO_FIELD
app/owlcms/data/athlete/Athlete.java	132	Athlete	FIELD	qPointsCoefficients	QPoints	qPointsCoefficients	qPointsCoefficients	QPoints	@JsonIgnore		FIELD_JPA_EXCLUDED
app/owlcms/data/athlete/Athlete.java	134	Athlete	FIELD	sinclairProperties2020	SinclairCoefficients	sinclairProperties2020	sinclairProperties2020	SinclairCoefficients	@JsonIgnore		FIELD_JPA_EXCLUDED
app/owlcms/data/athlete/Athlete.java	136	Athlete	FIELD	sinclairProperties2024	SinclairCoefficients	sinclairProperties2024	sinclairProperties2024	SinclairCoefficients	@JsonIgnore		FIELD_JPA_EXCLUDED
app/owlcms/data/athlete/Athlete.java	138	Athlete	FIELD	sinclairProperties2028	SinclairCoefficients	sinclairProperties2028	sinclairProperties2028	SinclairCoefficients	@JsonIgnore		FIELD_JPA_EXCLUDED
app/owlcms/data/athlete/Athlete.java	354	Athlete	FIELD	fop	FieldOfPlay	fop	fop	FieldOfPlay	@JsonIgnore,@Transient		FIELD_JPA_EXCLUDED
app/owlcms/data/athlete/Athlete.java	357	Athlete	FIELD	timingLogger	Logger	timingLogger	timingLogger	Logger	@JsonIgnore,@Transient		FIELD_JPA_EXCLUDED
app/owlcms/data/athlete/Athlete.java	360	Athlete	FIELD	df	DecimalFormat	df	df	DecimalFormat	@JsonIgnore,@Transient		FIELD_JPA_EXCLUDED
app/owlcms/data/athlete/Athlete.java	363	Athlete	FIELD	liftOrderRank	Integer	liftOrderRank	liftOrderRank	Integer	@JsonIgnore,@Transient		FIELD_JPA_EXCLUDED
app/owlcms/data/athlete/Athlete.java	387	Athlete	FIELD	categoryFinished	Boolean	categoryFinished	categoryFinished	Boolean	@Column,@JsonIgnore,@Transient		FIELD_JPA_EXCLUDED
app/owlcms/data/athlete/Athlete.java	393	Athlete	FIELD	checkTiming	boolean	checkTiming	checkTiming	boolean	@JsonIgnore,@Transient		FIELD_JPA_EXCLUDED
app/owlcms/data/athlete/Athlete.java	431	Athlete	FIELD	isoBirthDateImported	boolean	isoBirthDateImported	isoBirthDateImported	boolean	@JsonIgnore,@Transient		FIELD_JPA_EXCLUDED
app/owlcms/data/athlete/Athlete.java	453	Athlete	FIELD	NORMAL_LEVEL	Level	NORMAL_LEVEL	NORMAL_LEVEL	Level	@JsonIgnore,@Transient		FIELD_JPA_EXCLUDED
app/owlcms/data/athlete/Athlete.java	466	Athlete	FIELD	qAgeRank	int	qAgeRank	qAgeRank	int	@Column,@JsonIgnore		FIELD_STILL_PERSISTED
app/owlcms/data/athlete/Athlete.java	469	Athlete	FIELD	qPointsRank	Integer	qPointsRank	qPointsRank	Integer	@Column,@JsonIgnore		FIELD_STILL_PERSISTED
app/owlcms/data/athlete/Athlete.java	477	Athlete	FIELD	robiRank	Integer	robiRank	robiRank	Integer	@JsonIgnore		FIELD_STILL_PERSISTED
app/owlcms/data/athlete/Athlete.java	479	Athlete	FIELD	sinclairRank	Integer	sinclairRank	sinclairRank	Integer	@JsonIgnore		FIELD_STILL_PERSISTED
app/owlcms/data/athlete/Athlete.java	481	Athlete	FIELD	smhfRank	int	smhfRank	smhfRank	int	@Column,@JsonIgnore		FIELD_STILL_PERSISTED
app/owlcms/data/athlete/Athlete.java	509	Athlete	FIELD	startingTotalViolation	boolean	startingTotalViolation	startingTotalViolation	boolean	@JsonIgnore,@Transient		FIELD_JPA_EXCLUDED
app/owlcms/data/athlete/Athlete.java	522	Athlete	FIELD	mainRankings	Participation	mainRankings	mainRankings	Participation	@JsonIgnore,@Transient		FIELD_JPA_EXCLUDED
app/owlcms/data/athlete/Athlete.java	525	Athlete	FIELD	validation	boolean	validation	validation	boolean	@JsonIgnore,@Transient		FIELD_JPA_EXCLUDED
app/owlcms/data/athlete/Athlete.java	528	Athlete	FIELD	fixNames	boolean	fixNames	fixNames	boolean	@JsonIgnore,@Transient		FIELD_JPA_EXCLUDED
app/owlcms/data/athlete/Athlete.java	683	Athlete	METHOD	computedCategoryScore	Double					yes	COMPUTED_SCALAR_NO_FIELD
app/owlcms/data/athlete/Athlete.java	873	Athlete	METHOD	getAbbreviatedName	String	abbreviatedName				yes	COMPUTED_SCALAR_NO_FIELD
app/owlcms/data/athlete/Athlete.java	899	Athlete	METHOD	getFixedName	String	fixedName				yes	COMPUTED_SCALAR_NO_FIELD
app/owlcms/data/athlete/Athlete.java	972	Athlete	METHOD	getActualLift	Integer					yes	COMPUTED_SCALAR_NO_FIELD
app/owlcms/data/athlete/Athlete.java	983	Athlete	METHOD	getActualLiftOrNull	Integer					yes	COMPUTED_SCALAR_NO_FIELD
app/owlcms/data/athlete/Athlete.java	999	Athlete	METHOD	getActuallyAttemptedLifts	int	actuallyAttemptedLifts				yes	COMPUTED_SCALAR_NO_FIELD
app/owlcms/data/athlete/Athlete.java	1026	Athlete	METHOD	getAge	Integer	age				yes	COMPUTED_SCALAR_NO_FIELD
app/owlcms/data/athlete/Athlete.java	1043	Athlete	METHOD	getAgeAdjustedTotalRank	Integer	ageAdjustedTotalRank	ageAdjustedTotalRank	Integer		yes	MATCHING_FIELD_STILL_PERSISTED
app/owlcms/data/athlete/Athlete.java	1050	Athlete	METHOD	getQYouthRank	Integer	QYouthRank				yes	COMPUTED_SCALAR_NO_FIELD
app/owlcms/data/athlete/Athlete.java	1061	Athlete	METHOD	getAgeGroup	AgeGroup	ageGroup				yes	COMPUTED_OBJECT_NO_FIELD
app/owlcms/data/athlete/Athlete.java	1067	Athlete	METHOD	getMedalPolicy	MedalPolicy	medalPolicy				yes	COMPUTED_OBJECT_NO_FIELD
app/owlcms/data/athlete/Athlete.java	1074	Athlete	METHOD	isMedalist	boolean	medalist				yes	COMPUTED_SCALAR_NO_FIELD
app/owlcms/data/athlete/Athlete.java	1080	Athlete	METHOD	getAgeGroupCodesAsString	String	ageGroupCodesAsString				yes	COMPUTED_SCALAR_NO_FIELD
app/owlcms/data/athlete/Athlete.java	1089	Athlete	METHOD	getAgeGroupCodesMainFirstAsString	String	ageGroupCodesMainFirstAsString				yes	COMPUTED_SCALAR_NO_FIELD
app/owlcms/data/athlete/Athlete.java	1115	Athlete	METHOD	getAgeGroupTeams	Set<String>	ageGroupTeams				yes	COMPUTED_OBJECT_NO_FIELD
app/owlcms/data/athlete/Athlete.java	1134	Athlete	METHOD	getMixedAgeGroupTeams	Set<String>	mixedAgeGroupTeams				yes	COMPUTED_OBJECT_NO_FIELD
app/owlcms/data/athlete/Athlete.java	1150	Athlete	METHOD	getAllCategoriesAsString	String	allCategoriesAsString				yes	COMPUTED_SCALAR_NO_FIELD
app/owlcms/data/athlete/Athlete.java	1177	Athlete	METHOD	getAttemptNumber	Integer	attemptNumber				yes	COMPUTED_SCALAR_NO_FIELD
app/owlcms/data/athlete/Athlete.java	1182	Athlete	METHOD	getAttemptProgression	int					yes	COMPUTED_SCALAR_NO_FIELD
app/owlcms/data/athlete/Athlete.java	1192	Athlete	METHOD	getAttemptsDone	Integer	attemptsDone				yes	COMPUTED_SCALAR_NO_FIELD
app/owlcms/data/athlete/Athlete.java	1202	Athlete	METHOD	getBestCleanJerk	Integer	bestCleanJerk				yes	COMPUTED_SCALAR_NO_FIELD
app/owlcms/data/athlete/Athlete.java	1223	Athlete	METHOD	getBestCleanJerkAttemptNumber	int	bestCleanJerkAttemptNumber				yes	COMPUTED_SCALAR_NO_FIELD
app/owlcms/data/athlete/Athlete.java	1244	Athlete	METHOD	getBestCleanJerkAttemptTime	LocalDateTime	bestCleanJerkAttemptTime				yes	COMPUTED_SCALAR_NO_FIELD
app/owlcms/data/athlete/Athlete.java	1260	Athlete	METHOD	getBestLifterRank	int	bestLifterRank				yes	COMPUTED_SCALAR_NO_FIELD
app/owlcms/data/athlete/Athlete.java	1275	Athlete	METHOD	getBestLifterScore	Double	bestLifterScore				yes	COMPUTED_SCALAR_NO_FIELD
app/owlcms/data/athlete/Athlete.java	1294	Athlete	METHOD	getBestResultAttemptNumber	int	bestResultAttemptNumber				yes	COMPUTED_SCALAR_NO_FIELD
app/owlcms/data/athlete/Athlete.java	1330	Athlete	METHOD	getBestSnatch	Integer	bestSnatch				yes	COMPUTED_SCALAR_NO_FIELD
app/owlcms/data/athlete/Athlete.java	1351	Athlete	METHOD	getBestSnatchAttemptNumber	int	bestSnatchAttemptNumber				yes	COMPUTED_SCALAR_NO_FIELD
app/owlcms/data/athlete/Athlete.java	1372	Athlete	METHOD	getBestSnatchAttemptTime	LocalDateTime	bestSnatchAttemptTime				yes	COMPUTED_SCALAR_NO_FIELD
app/owlcms/data/athlete/Athlete.java	1395	Athlete	METHOD	getBirthDate	Integer	birthDate				yes	COMPUTED_SCALAR_NO_FIELD
app/owlcms/data/athlete/Athlete.java	1415	Athlete	METHOD	getBWCategory	String	BWCategory				yes	COMPUTED_SCALAR_NO_FIELD
app/owlcms/data/athlete/Athlete.java	1439	Athlete	METHOD	getCategoryCode	String	categoryCode				yes	COMPUTED_SCALAR_NO_FIELD
app/owlcms/data/athlete/Athlete.java	1453	Athlete	METHOD	getCategoryFinished	Boolean	categoryFinished	categoryFinished	Boolean	@Column,@JsonIgnore,@Transient	yes	MATCHING_FIELD_JPA_EXCLUDED
app/owlcms/data/athlete/Athlete.java	1472	Athlete	METHOD	shouldHidePublishedCategoryScore	boolean					yes	COMPUTED_SCALAR_NO_FIELD
app/owlcms/data/athlete/Athlete.java	1477	Athlete	METHOD	getCategorySortCode	String	categorySortCode				yes	COMPUTED_SCALAR_NO_FIELD
app/owlcms/data/athlete/Athlete.java	1492	Athlete	METHOD	getCatSinclairFactor	Double	catSinclairFactor				yes	COMPUTED_SCALAR_NO_FIELD
app/owlcms/data/athlete/Athlete.java	1523	Athlete	METHOD	getCleanJerk1AsInteger	Integer	cleanJerk1AsInteger				yes	COMPUTED_SCALAR_NO_FIELD
app/owlcms/data/athlete/Athlete.java	1587	Athlete	METHOD	getCleanJerk2AsInteger	Integer	cleanJerk2AsInteger				yes	COMPUTED_SCALAR_NO_FIELD
app/owlcms/data/athlete/Athlete.java	1652	Athlete	METHOD	getCleanJerk3AsInteger	Integer	cleanJerk3AsInteger				yes	COMPUTED_SCALAR_NO_FIELD
app/owlcms/data/athlete/Athlete.java	1708	Athlete	METHOD	getCleanJerkAttemptsDone	Integer	cleanJerkAttemptsDone				yes	COMPUTED_SCALAR_NO_FIELD
app/owlcms/data/athlete/Athlete.java	1736	Athlete	METHOD	getCleanJerkPoints	int	cleanJerkPoints				yes	COMPUTED_SCALAR_NO_FIELD
app/owlcms/data/athlete/Athlete.java	1746	Athlete	METHOD	getCleanJerkRank	int	cleanJerkRank				yes	COMPUTED_SCALAR_NO_FIELD
app/owlcms/data/athlete/Athlete.java	1759	Athlete	METHOD	getCleanJerkTotal	int	cleanJerkTotal				yes	COMPUTED_SCALAR_NO_FIELD
app/owlcms/data/athlete/Athlete.java	1785	Athlete	METHOD	getCombinedPoints	Integer	combinedPoints				yes	COMPUTED_SCALAR_NO_FIELD
app/owlcms/data/athlete/Athlete.java	1810	Athlete	METHOD	getCumulativeAttemptProgression	int					yes	COMPUTED_SCALAR_NO_FIELD
app/owlcms/data/athlete/Athlete.java	1815	Athlete	METHOD	getCumulativeProgression	int					yes	COMPUTED_SCALAR_NO_FIELD
app/owlcms/data/athlete/Athlete.java	1826	Athlete	METHOD	getCurrentAutomatic	String	currentAutomatic				yes	COMPUTED_SCALAR_NO_FIELD
app/owlcms/data/athlete/Athlete.java	1850	Athlete	METHOD	getCurrentChange1	String	currentChange1				yes	COMPUTED_SCALAR_NO_FIELD
app/owlcms/data/athlete/Athlete.java	1874	Athlete	METHOD	getCurrentDeclaration	String	currentDeclaration				yes	COMPUTED_SCALAR_NO_FIELD
app/owlcms/data/athlete/Athlete.java	1912	Athlete	METHOD	getCustomPoints	int	customPoints				yes	COMPUTED_SCALAR_NO_FIELD
app/owlcms/data/athlete/Athlete.java	1924	Athlete	METHOD	getCustomRank	int	customRank				yes	COMPUTED_SCALAR_NO_FIELD
app/owlcms/data/athlete/Athlete.java	1941	Athlete	METHOD	getDisplayCategory	String	displayCategory				yes	COMPUTED_SCALAR_NO_FIELD
app/owlcms/data/athlete/Athlete.java	1947	Athlete	METHOD	getDisplayGroup	DisplayGroup	displayGroup				yes	COMPUTED_OBJECT_NO_FIELD
app/owlcms/data/athlete/Athlete.java	1958	Athlete	METHOD	getEligibleCategories	Set<Category>	eligibleCategories				yes	COMPUTED_OBJECT_NO_FIELD
app/owlcms/data/athlete/Athlete.java	1972	Athlete	METHOD	getEligibleCategoriesAsString	String	eligibleCategoriesAsString				yes	COMPUTED_SCALAR_NO_FIELD
app/owlcms/data/athlete/Athlete.java	2015	Athlete	METHOD	getFirstAttemptedLiftTime	LocalDateTime	firstAttemptedLiftTime				yes	COMPUTED_SCALAR_NO_FIELD
app/owlcms/data/athlete/Athlete.java	2046	Athlete	METHOD	getFop	FieldOfPlay	fop	fop	FieldOfPlay	@JsonIgnore,@Transient	yes	MATCHING_FIELD_JPA_EXCLUDED
app/owlcms/data/athlete/Athlete.java	2058	Athlete	METHOD	getFormattedBirth	String	formattedBirth				yes	COMPUTED_SCALAR_NO_FIELD
app/owlcms/data/athlete/Athlete.java	2092	Athlete	METHOD	getFullId	String	fullId				yes	COMPUTED_SCALAR_NO_FIELD
app/owlcms/data/athlete/Athlete.java	2104	Athlete	METHOD	getFullName	String	fullName				yes	COMPUTED_SCALAR_NO_FIELD
app/owlcms/data/athlete/Athlete.java	2109	Athlete	METHOD	computeRawFullName	String					yes	COMPUTED_SCALAR_NO_FIELD
app/owlcms/data/athlete/Athlete.java	2122	Athlete	METHOD	getGamx	Double	gamx				yes	COMPUTED_SCALAR_NO_FIELD
app/owlcms/data/athlete/Athlete.java	2130	Athlete	METHOD	getGamxRank	Integer	gamxRank	gamxRank	Integer	@Column	yes	MATCHING_FIELD_STILL_PERSISTED
app/owlcms/data/athlete/Athlete.java	2135	Athlete	METHOD	getGamxM	Double	gamxM				yes	COMPUTED_SCALAR_NO_FIELD
app/owlcms/data/athlete/Athlete.java	2143	Athlete	METHOD	getGamxMRank	Integer	gamxMRank	gamxMRank	Integer	@Column	yes	MATCHING_FIELD_STILL_PERSISTED
app/owlcms/data/athlete/Athlete.java	2148	Athlete	METHOD	getGamxMS	Double	gamxMS				yes	COMPUTED_SCALAR_NO_FIELD
app/owlcms/data/athlete/Athlete.java	2153	Athlete	METHOD	getGamxMSRank	Integer	gamxMSRank				yes	COMPUTED_SCALAR_NO_FIELD
app/owlcms/data/athlete/Athlete.java	2158	Athlete	METHOD	getGamxMC	Double	gamxMC				yes	COMPUTED_SCALAR_NO_FIELD
app/owlcms/data/athlete/Athlete.java	2163	Athlete	METHOD	getGamxMCRank	Integer	gamxMCRank				yes	COMPUTED_SCALAR_NO_FIELD
app/owlcms/data/athlete/Athlete.java	2168	Athlete	METHOD	getGamxU	Double	gamxU				yes	COMPUTED_SCALAR_NO_FIELD
app/owlcms/data/athlete/Athlete.java	2176	Athlete	METHOD	getGamxURank	Integer	gamxURank	gamxURank	Integer	@Column	yes	MATCHING_FIELD_STILL_PERSISTED
app/owlcms/data/athlete/Athlete.java	2181	Athlete	METHOD	getGamxA	Double	gamxA				yes	COMPUTED_SCALAR_NO_FIELD
app/owlcms/data/athlete/Athlete.java	2189	Athlete	METHOD	getGamxARank	Integer	gamxARank	gamxARank	Integer	@Column	yes	MATCHING_FIELD_STILL_PERSISTED
app/owlcms/data/athlete/Athlete.java	2194	Athlete	METHOD	getGamxS	Double	gamxS				yes	COMPUTED_SCALAR_NO_FIELD
app/owlcms/data/athlete/Athlete.java	2199	Athlete	METHOD	getGamxSRank	Integer	gamxSRank				yes	COMPUTED_SCALAR_NO_FIELD
app/owlcms/data/athlete/Athlete.java	2204	Athlete	METHOD	getGamxC	Double	gamxC				yes	COMPUTED_SCALAR_NO_FIELD
app/owlcms/data/athlete/Athlete.java	2209	Athlete	METHOD	getGamxCRank	Integer	gamxCRank				yes	COMPUTED_SCALAR_NO_FIELD
app/owlcms/data/athlete/Athlete.java	2214	Athlete	METHOD	getGamxForDelta	Double	gamxForDelta				yes	COMPUTED_SCALAR_NO_FIELD
app/owlcms/data/athlete/Athlete.java	2224	Athlete	METHOD	getGamxMForDelta	Double	gamxMForDelta				yes	COMPUTED_SCALAR_NO_FIELD
app/owlcms/data/athlete/Athlete.java	2234	Athlete	METHOD	getGamxMSForDelta	Double	gamxMSForDelta				yes	COMPUTED_SCALAR_NO_FIELD
app/owlcms/data/athlete/Athlete.java	2239	Athlete	METHOD	getGamxMCForDelta	Double	gamxMCForDelta				yes	COMPUTED_SCALAR_NO_FIELD
app/owlcms/data/athlete/Athlete.java	2244	Athlete	METHOD	getGamxUForDelta	Double	gamxUForDelta				yes	COMPUTED_SCALAR_NO_FIELD
app/owlcms/data/athlete/Athlete.java	2254	Athlete	METHOD	getGamxAForDelta	Double	gamxAForDelta				yes	COMPUTED_SCALAR_NO_FIELD
app/owlcms/data/athlete/Athlete.java	2264	Athlete	METHOD	getGamxSForDelta	Double	gamxSForDelta				yes	COMPUTED_SCALAR_NO_FIELD
app/owlcms/data/athlete/Athlete.java	2269	Athlete	METHOD	getGamxCForDelta	Double	gamxCForDelta				yes	COMPUTED_SCALAR_NO_FIELD
app/owlcms/data/athlete/Athlete.java	2281	Athlete	METHOD	getGlobalScore	Double	globalScore				yes	COMPUTED_SCALAR_NO_FIELD
app/owlcms/data/athlete/Athlete.java	2286	Athlete	METHOD	setGlobalScore	Double	globalScore				yes	COMPUTED_SCALAR_NO_FIELD
app/owlcms/data/athlete/Athlete.java	2319	Athlete	METHOD	getIsoBirth	String	isoBirth				yes	COMPUTED_SCALAR_NO_FIELD
app/owlcms/data/athlete/Athlete.java	2335	Athlete	METHOD	getLastAttemptedLiftTime	LocalDateTime	lastAttemptedLiftTime				yes	COMPUTED_SCALAR_NO_FIELD
app/owlcms/data/athlete/Athlete.java	2369	Athlete	METHOD	getLastSuccessfulLiftTime	LocalDateTime	lastSuccessfulLiftTime				yes	COMPUTED_SCALAR_NO_FIELD
app/owlcms/data/athlete/Athlete.java	2406	Athlete	METHOD	getLogger	Logger	logger	logger	Logger	@Transient	yes	MATCHING_FIELD_JPA_EXCLUDED
app/owlcms/data/athlete/Athlete.java	2416	Athlete	METHOD	getLongCategory	String	longCategory				yes	COMPUTED_SCALAR_NO_FIELD
app/owlcms/data/athlete/Athlete.java	2440	Athlete	METHOD	getKey	Integer	key				yes	COMPUTED_SCALAR_NO_FIELD
app/owlcms/data/athlete/Athlete.java	2458	Athlete	METHOD	getMainRankings	Participation	mainRankings	mainRankings	Participation	@JsonIgnore,@Transient	yes	MATCHING_FIELD_JPA_EXCLUDED
app/owlcms/data/athlete/Athlete.java	2468	Athlete	METHOD	getMastersAgeGroup	String	mastersAgeGroup				yes	COMPUTED_SCALAR_NO_FIELD
app/owlcms/data/athlete/Athlete.java	2481	Athlete	METHOD	getMastersAgeGroupInterval	String	mastersAgeGroupInterval				yes	COMPUTED_SCALAR_NO_FIELD
app/owlcms/data/athlete/Athlete.java	2502	Athlete	METHOD	getMastersGenderAgeGroupInterval	String	mastersGenderAgeGroupInterval				yes	COMPUTED_SCALAR_NO_FIELD
app/owlcms/data/athlete/Athlete.java	2516	Athlete	METHOD	getMastersLongCategory	String	mastersLongCategory				yes	COMPUTED_SCALAR_NO_FIELD
app/owlcms/data/athlete/Athlete.java	2527	Athlete	METHOD	getMedalRank	Integer	medalRank				yes	COMPUTED_SCALAR_NO_FIELD
app/owlcms/data/athlete/Athlete.java	2550	Athlete	METHOD	getNextAttemptRequestedWeight	Integer	nextAttemptRequestedWeight				yes	COMPUTED_SCALAR_NO_FIELD
app/owlcms/data/athlete/Athlete.java	2560	Athlete	METHOD	getCleanParticipations	List<Participation>	cleanParticipations				yes	COMPUTED_OBJECT_NO_FIELD
app/owlcms/data/athlete/Athlete.java	2579	Athlete	METHOD	getPossibleAgeGroupTeams	Set<String>	possibleAgeGroupTeams				yes	COMPUTED_OBJECT_NO_FIELD
app/owlcms/data/athlete/Athlete.java	2596	Athlete	METHOD	getPossibleMixedAgeGroupTeams	Set<String>	possibleMixedAgeGroupTeams				yes	COMPUTED_OBJECT_NO_FIELD
app/owlcms/data/athlete/Athlete.java	2611	Athlete	METHOD	getPresumedBodyWeight	Double	presumedBodyWeight	presumedBodyWeight	Double		yes	MATCHING_FIELD_STILL_PERSISTED
app/owlcms/data/athlete/Athlete.java	2623	Athlete	METHOD	getPresumedBodyWeightString	String	presumedBodyWeightString				yes	COMPUTED_SCALAR_NO_FIELD
app/owlcms/data/athlete/Athlete.java	2638	Athlete	METHOD	getPresumedOpenCategoryString	String	presumedOpenCategoryString				yes	COMPUTED_SCALAR_NO_FIELD
app/owlcms/data/athlete/Athlete.java	2660	Athlete	METHOD	getPreviousLiftTime	LocalDateTime	previousLiftTime				yes	COMPUTED_SCALAR_NO_FIELD
app/owlcms/data/athlete/Athlete.java	2707	Athlete	METHOD	getProgression	int					yes	COMPUTED_SCALAR_NO_FIELD
app/owlcms/data/athlete/Athlete.java	2718	Athlete	METHOD	getQMastersRank	int	QMastersRank				yes	COMPUTED_SCALAR_NO_FIELD
app/owlcms/data/athlete/Athlete.java	2723	Athlete	METHOD	getQMastersFactor	Float	QMastersFactor				yes	COMPUTED_SCALAR_NO_FIELD
app/owlcms/data/athlete/Athlete.java	2732	Athlete	METHOD	getqPoints	Double	qPoints				yes	COMPUTED_SCALAR_NO_FIELD
app/owlcms/data/athlete/Athlete.java	2748	Athlete	METHOD	getQPoints	Double	QPoints				yes	COMPUTED_SCALAR_NO_FIELD
app/owlcms/data/athlete/Athlete.java	2753	Athlete	METHOD	getqPointsForDelta	Double	qPointsForDelta				yes	COMPUTED_SCALAR_NO_FIELD
app/owlcms/data/athlete/Athlete.java	2759	Athlete	METHOD	getQPointsForDelta	Double	QPointsForDelta				yes	COMPUTED_SCALAR_NO_FIELD
app/owlcms/data/athlete/Athlete.java	2785	Athlete	METHOD	getRank	Integer	rank				yes	COMPUTED_SCALAR_NO_FIELD
app/owlcms/data/athlete/Athlete.java	2796	Athlete	METHOD	getRegistrationCategory	Category	registrationCategory				yes	COMPUTED_OBJECT_NO_FIELD
app/owlcms/data/athlete/Athlete.java	2807	Athlete	METHOD	getRequestedWeightForAttempt	Integer					yes	COMPUTED_SCALAR_NO_FIELD
app/owlcms/data/athlete/Athlete.java	2846	Athlete	METHOD	getRobi	Double	robi				yes	COMPUTED_SCALAR_NO_FIELD
app/owlcms/data/athlete/Athlete.java	2870	Athlete	METHOD	getRobiWr	Integer	robiWr				yes	COMPUTED_SCALAR_NO_FIELD
app/owlcms/data/athlete/Athlete.java	2880	Athlete	METHOD	getRoundedBodyWeight	String	roundedBodyWeight				yes	COMPUTED_SCALAR_NO_FIELD
app/owlcms/data/athlete/Athlete.java	2896	Athlete	METHOD	getShortCategory	String	shortCategory				yes	COMPUTED_SCALAR_NO_FIELD
app/owlcms/data/athlete/Athlete.java	2902	Athlete	METHOD	getShortName	String	shortName				yes	COMPUTED_SCALAR_NO_FIELD
app/owlcms/data/athlete/Athlete.java	2918	Athlete	METHOD	getSinclair	Double	sinclair				yes	COMPUTED_SCALAR_NO_FIELD
app/owlcms/data/athlete/Athlete.java	2932	Athlete	METHOD	getSinclair	Double					yes	COMPUTED_SCALAR_NO_FIELD
app/owlcms/data/athlete/Athlete.java	2943	Athlete	METHOD	getSinclairFactor	Double	sinclairFactor				yes	COMPUTED_SCALAR_NO_FIELD
app/owlcms/data/athlete/Athlete.java	2961	Athlete	METHOD	getSinclairForDelta	Double	sinclairForDelta				yes	COMPUTED_SCALAR_NO_FIELD
app/owlcms/data/athlete/Athlete.java	2976	Athlete	METHOD	getSinclairForDelta	Double					yes	COMPUTED_SCALAR_NO_FIELD
app/owlcms/data/athlete/Athlete.java	3003	Athlete	METHOD	getSmhf	Double	smhf				yes	COMPUTED_SCALAR_NO_FIELD
app/owlcms/data/athlete/Athlete.java	3011	Athlete	METHOD	getSmhfFactor	Float	smhfFactor				yes	COMPUTED_SCALAR_NO_FIELD
app/owlcms/data/athlete/Athlete.java	3025	Athlete	METHOD	getSmhfForDelta	Double	smhfForDelta				yes	COMPUTED_SCALAR_NO_FIELD
app/owlcms/data/athlete/Athlete.java	3032	Athlete	METHOD	getSmhfRank	int	smhfRank	smhfRank	int	@Column,@JsonIgnore	yes	MATCHING_FIELD_STILL_PERSISTED
app/owlcms/data/athlete/Athlete.java	3037	Athlete	METHOD	getSmm	Double	smm				yes	COMPUTED_SCALAR_NO_FIELD
app/owlcms/data/athlete/Athlete.java	3042	Athlete	METHOD	getSmmRank	int	smmRank				yes	COMPUTED_SCALAR_NO_FIELD
app/owlcms/data/athlete/Athlete.java	3061	Athlete	METHOD	getSnatch1AsInteger	Integer	snatch1AsInteger				yes	COMPUTED_SCALAR_NO_FIELD
app/owlcms/data/athlete/Athlete.java	3125	Athlete	METHOD	getSnatch2AsInteger	Integer	snatch2AsInteger				yes	COMPUTED_SCALAR_NO_FIELD
app/owlcms/data/athlete/Athlete.java	3190	Athlete	METHOD	getSnatch3AsInteger	Integer	snatch3AsInteger				yes	COMPUTED_SCALAR_NO_FIELD
app/owlcms/data/athlete/Athlete.java	3246	Athlete	METHOD	getSnatchAttemptsDone	Integer	snatchAttemptsDone				yes	COMPUTED_SCALAR_NO_FIELD
app/owlcms/data/athlete/Athlete.java	3302	Athlete	METHOD	getSnatchTotal	int	snatchTotal				yes	COMPUTED_SCALAR_NO_FIELD
app/owlcms/data/athlete/Athlete.java	3309	Athlete	METHOD	getSortedCategoriesAsString	String	sortedCategoriesAsString				yes	COMPUTED_SCALAR_NO_FIELD
app/owlcms/data/athlete/Athlete.java	3341	Athlete	METHOD	getTeamFlagPath	String	teamFlagPath				yes	COMPUTED_SCALAR_NO_FIELD
app/owlcms/data/athlete/Athlete.java	3347	Athlete	METHOD	getTeamAgeGroupsAsString	String	teamAgeGroupsAsString				yes	COMPUTED_SCALAR_NO_FIELD
app/owlcms/data/athlete/Athlete.java	3397	Athlete	METHOD	getMixedTeamMember	Boolean	mixedTeamMember				yes	COMPUTED_SCALAR_NO_FIELD
app/owlcms/data/athlete/Athlete.java	3501	Athlete	METHOD	isATeamMember	boolean	ATeamMember				yes	COMPUTED_SCALAR_NO_FIELD
app/owlcms/data/athlete/Athlete.java	3507	Athlete	METHOD	isCategoryFinished	Boolean	categoryFinished	categoryFinished	Boolean	@Column,@JsonIgnore,@Transient	yes	MATCHING_FIELD_JPA_EXCLUDED
app/owlcms/data/athlete/Athlete.java	3605	Athlete	METHOD	isDone	boolean	done				yes	COMPUTED_SCALAR_NO_FIELD
app/owlcms/data/athlete/Athlete.java	3626	Athlete	METHOD	isDone	boolean					yes	COMPUTED_SCALAR_NO_FIELD
app/owlcms/data/athlete/Athlete.java	3659	Athlete	METHOD	isForcedAsCurrent	boolean	forcedAsCurrent	forcedAsCurrent	boolean	@Column	no	MATCHING_FIELD_STILL_PERSISTED
app/owlcms/data/athlete/Athlete.java	3670	Athlete	METHOD	isInvited	boolean	invited				yes	COMPUTED_SCALAR_NO_FIELD
app/owlcms/data/athlete/Athlete.java	3676	Athlete	METHOD	isTeamMember	boolean	teamMember				yes	COMPUTED_SCALAR_NO_FIELD
app/owlcms/data/athlete/Athlete.java	3681	Athlete	METHOD	isMixedTeamMember	boolean	mixedTeamMember				yes	COMPUTED_SCALAR_NO_FIELD
app/owlcms/data/athlete/Athlete.java	3686	Athlete	METHOD	getRawTotalPoints	int	rawTotalPoints				yes	COMPUTED_SCALAR_NO_FIELD
app/owlcms/data/athlete/Athlete.java	3692	Athlete	METHOD	getRawSnatchPoints	int	rawSnatchPoints				yes	COMPUTED_SCALAR_NO_FIELD
app/owlcms/data/athlete/Athlete.java	3698	Athlete	METHOD	getRawCleanJerkPoints	int	rawCleanJerkPoints				yes	COMPUTED_SCALAR_NO_FIELD
app/owlcms/data/athlete/Athlete.java	3704	Athlete	METHOD	getRawCombinedPoints	int	rawCombinedPoints				yes	COMPUTED_SCALAR_NO_FIELD
app/owlcms/data/athlete/Athlete.java	3710	Athlete	METHOD	isValidation	boolean	validation	validation	boolean	@JsonIgnore,@Transient	yes	MATCHING_FIELD_JPA_EXCLUDED
app/owlcms/data/athlete/Athlete.java	3770	Athlete	METHOD	setQYouthRank	Integer	QYouthRank				yes	COMPUTED_SCALAR_NO_FIELD
app/owlcms/data/athlete/Athlete.java	3782	Athlete	METHOD	setAgeGroupTeams	Set<String>	ageGroupTeams				yes	COMPUTED_OBJECT_NO_FIELD
app/owlcms/data/athlete/Athlete.java	3796	Athlete	METHOD	setMixedAgeGroupTeams	Set<String>	mixedAgeGroupTeams				yes	COMPUTED_OBJECT_NO_FIELD
app/owlcms/data/athlete/Athlete.java	3837	Athlete	METHOD	setBirthDate	Integer	birthDate				yes	COMPUTED_SCALAR_NO_FIELD
app/owlcms/data/athlete/Athlete.java	3875	Athlete	METHOD	setCategoryFinished	Boolean	categoryFinished	categoryFinished	Boolean	@Column,@JsonIgnore,@Transient	yes	MATCHING_FIELD_JPA_EXCLUDED
app/owlcms/data/athlete/Athlete.java	3883	Athlete	METHOD	setCategoryScoreRank	int	categoryScoreRank				yes	COMPUTED_SCALAR_NO_FIELD
app/owlcms/data/athlete/Athlete.java	4201	Athlete	METHOD	setCleanJerkPoints	Integer	cleanJerkPoints				yes	COMPUTED_SCALAR_NO_FIELD
app/owlcms/data/athlete/Athlete.java	4206	Athlete	METHOD	setCleanJerkRank	int	cleanJerkRank				yes	COMPUTED_SCALAR_NO_FIELD
app/owlcms/data/athlete/Athlete.java	4244	Athlete	METHOD	setCustomPoints	Integer	customPoints				yes	COMPUTED_SCALAR_NO_FIELD
app/owlcms/data/athlete/Athlete.java	4254	Athlete	METHOD	setCustomRank	Integer	customRank				yes	COMPUTED_SCALAR_NO_FIELD
app/owlcms/data/athlete/Athlete.java	4380	Athlete	METHOD	setFullBirthDate	LocalDate	fullBirthDate				yes	COMPUTED_SCALAR_NO_FIELD
app/owlcms/data/athlete/Athlete.java	4387	Athlete	METHOD	setIsoBirthDate	String	isoBirthDate	isoBirthDate	String		no	MATCHING_FIELD_STILL_PERSISTED
app/owlcms/data/athlete/Athlete.java	4564	Athlete	METHOD	setQMastersRank	int	QMastersRank				yes	COMPUTED_SCALAR_NO_FIELD
app/owlcms/data/athlete/Athlete.java	4898	Athlete	METHOD	setSnatchPoints	Integer	snatchPoints				yes	COMPUTED_SCALAR_NO_FIELD
app/owlcms/data/athlete/Athlete.java	4903	Athlete	METHOD	setSnatchRank	int	snatchRank				yes	COMPUTED_SCALAR_NO_FIELD
app/owlcms/data/athlete/Athlete.java	4908	Athlete	METHOD	setSortedCategoriesAsString	void					yes	COMPUTED_SCALAR_NO_FIELD
app/owlcms/data/athlete/Athlete.java	5026	Athlete	METHOD	setTotalPoints	Integer	totalPoints				yes	COMPUTED_SCALAR_NO_FIELD
app/owlcms/data/athlete/Athlete.java	5031	Athlete	METHOD	setTotalRank	int	totalRank				yes	COMPUTED_SCALAR_NO_FIELD
app/owlcms/data/athlete/Athlete.java	5045	Athlete	METHOD	setYearOfBirth	Integer	yearOfBirth				yes	COMPUTED_SCALAR_NO_FIELD
app/owlcms/data/athlete/Athlete.java	5950	Athlete	METHOD	getActualLiftStringOrElseNull	String					yes	COMPUTED_SCALAR_NO_FIELD
app/owlcms/data/athlete/Athlete.java	5987	Athlete	METHOD	getMastersSinclair	Double	mastersSinclair				yes	COMPUTED_SCALAR_NO_FIELD
app/owlcms/data/athlete/Athlete.java	6014	Athlete	METHOD	getMastersSinclairForDelta	Double	mastersSinclairForDelta				yes	COMPUTED_SCALAR_NO_FIELD
app/owlcms/data/athlete/Athlete.java	6039	Athlete	METHOD	getRunningLiftOrderInfo	LiftOrderInfo	runningLiftOrderInfo				yes	COMPUTED_OBJECT_NO_FIELD
app/owlcms/data/athlete/Athlete.java	6057	Athlete	METHOD	getSinclair	Double					yes	COMPUTED_SCALAR_NO_FIELD
app/owlcms/data/athlete/Athlete.java	6114	Athlete	METHOD	getStartingTotalMargin	int					yes	COMPUTED_SCALAR_NO_FIELD
app/owlcms/data/athlete/Athlete.java	6138	Athlete	METHOD	isSameAthleteAs	boolean					yes	COMPUTED_SCALAR_NO_FIELD
app/owlcms/data/athlete/Athlete.java	6248	Athlete	METHOD	sinclairFactor	Double					no	COMPUTED_SCALAR_NO_FIELD
app/owlcms/data/athlete/Athlete.java	6391	Athlete	METHOD	getQYouth	Double	QYouth				yes	COMPUTED_SCALAR_NO_FIELD
app/owlcms/data/athlete/Athlete.java	6396	Athlete	METHOD	getAgeAdjustedTotal	Double	ageAdjustedTotal				yes	COMPUTED_SCALAR_NO_FIELD
app/owlcms/data/athlete/Athlete.java	6405	Athlete	METHOD	getQYouthForDelta	Double	QYouthForDelta				yes	COMPUTED_SCALAR_NO_FIELD
app/owlcms/data/athlete/Athlete.java	6410	Athlete	METHOD	getAgeAdjustedTotalForDelta	Double	ageAdjustedTotalForDelta				yes	COMPUTED_SCALAR_NO_FIELD
app/owlcms/data/athlete/Athlete.java	6418	Athlete	METHOD	getQMasters	Double	QMasters				yes	COMPUTED_SCALAR_NO_FIELD
app/owlcms/data/athlete/Athlete.java	6423	Athlete	METHOD	getQAge	Double	QAge				yes	COMPUTED_SCALAR_NO_FIELD
app/owlcms/data/athlete/Athlete.java	6430	Athlete	METHOD	getQMastersForDelta	Double	QMastersForDelta				yes	COMPUTED_SCALAR_NO_FIELD
app/owlcms/data/athlete/Athlete.java	6435	Athlete	METHOD	getQAgeForDelta	Double	QAgeForDelta				yes	COMPUTED_SCALAR_NO_FIELD
app/owlcms/data/athlete/Athlete.java	6442	Athlete	METHOD	getCategoryScore	Double	categoryScore				yes	COMPUTED_SCALAR_NO_FIELD
app/owlcms/data/athlete/Athlete.java	6450	Athlete	METHOD	setCategoryScore	Double	categoryScore				yes	COMPUTED_SCALAR_NO_FIELD
app/owlcms/data/athlete/Athlete.java	6455	Athlete	METHOD	getCategoryScoreForDelta	Double	categoryScoreForDelta				yes	COMPUTED_SCALAR_NO_FIELD
app/owlcms/data/athlete/Athlete.java	6470	Athlete	METHOD	setCategoryScoreForDelta	Double	categoryScoreForDelta				yes	COMPUTED_SCALAR_NO_FIELD
app/owlcms/data/athlete/Athlete.java	6475	Athlete	METHOD	getCategorySinclair	Double	categorySinclair				yes	COMPUTED_SCALAR_NO_FIELD
app/owlcms/data/athlete/Athlete.java	6480	Athlete	METHOD	getCategoryQPoints	Double	categoryQPoints				yes	COMPUTED_SCALAR_NO_FIELD
app/owlcms/data/athlete/Athlete.java	6494	Athlete	METHOD	getCategorySinclairForDelta	Double	categorySinclairForDelta				yes	COMPUTED_SCALAR_NO_FIELD
app/owlcms/data/athlete/Athlete.java	6536	Athlete	METHOD	getCategoryQPointsForDelta	Double	categoryQPointsForDelta				yes	COMPUTED_SCALAR_NO_FIELD
app/owlcms/data/athlete/Athlete.java	6560	Athlete	METHOD	getCategoryGAMX	Double	categoryGAMX				yes	COMPUTED_SCALAR_NO_FIELD
app/owlcms/data/athlete/Athlete.java	6565	Athlete	METHOD	getCategoryGAMXForDelta	Double	categoryGAMXForDelta				yes	COMPUTED_SCALAR_NO_FIELD
app/owlcms/data/athlete/Athlete.java	6587	Athlete	METHOD	computeIwfCategoryBodyWeight	Double					yes	COMPUTED_SCALAR_NO_FIELD
app/owlcms/data/athlete/Athlete.java	6660	Athlete	METHOD	getLiftTime	LocalDateTime					yes	COMPUTED_SCALAR_NO_FIELD
app/owlcms/data/category/Category.java	269	Category	METHOD	getCodeLimitString	String	codeLimitString				yes	COMPUTED_SCALAR_NO_FIELD
app/owlcms/data/category/Category.java	284	Category	METHOD	getComputedCode	String	computedCode				yes	COMPUTED_SCALAR_NO_FIELD
app/owlcms/data/category/Category.java	305	Category	METHOD	getDisplayName	String	displayName				yes	COMPUTED_SCALAR_NO_FIELD
app/owlcms/data/category/Category.java	336	Category	METHOD	getLimitString	String	limitString				yes	COMPUTED_SCALAR_NO_FIELD
app/owlcms/data/category/Category.java	367	Category	METHOD	getMedalingSortCode	String	medalingSortCode				yes	COMPUTED_SCALAR_NO_FIELD
app/owlcms/data/category/Category.java	391	Category	METHOD	getNameWithAgeGroup	String	nameWithAgeGroup				yes	COMPUTED_SCALAR_NO_FIELD
app/owlcms/data/category/Category.java	404	Category	METHOD	getParticipations	List<Participation>	participations	participations	List<Participation>	@OneToMany	no	MATCHING_OBJECT_FIELD_STILL_PERSISTED
app/owlcms/data/category/Category.java	427	Category	METHOD	getSafeName	String	safeName				yes	COMPUTED_SCALAR_NO_FIELD
app/owlcms/data/category/Category.java	432	Category	METHOD	getSortCode	String	sortCode				yes	COMPUTED_SCALAR_NO_FIELD
app/owlcms/data/category/Category.java	447	Category	METHOD	getSortCodeLimitString	String	sortCodeLimitString				yes	COMPUTED_SCALAR_NO_FIELD
app/owlcms/data/category/Category.java	602	Category	METHOD	setMedalingSortCode	void					yes	COMPUTED_SCALAR_NO_FIELD
app/owlcms/data/category/Category.java	659	Category	METHOD	isAlreadyGendered	boolean	alreadyGendered				yes	COMPUTED_SCALAR_NO_FIELD
app/owlcms/data/category/Category.java	665	Category	METHOD	getAgeGroupCode	String	ageGroupCode				yes	COMPUTED_SCALAR_NO_FIELD
app/owlcms/data/category/Participation.java	141	Participation	METHOD	getCategoryScore	Double	categoryScore				yes	COMPUTED_SCALAR_NO_FIELD
app/owlcms/data/category/Participation.java	147	Participation	METHOD	getCategoryScoreRank	int	categoryScoreRank	categoryScoreRank	int	@Column	yes	MATCHING_FIELD_STILL_PERSISTED
app/owlcms/data/category/Participation.java	154	Participation	METHOD	getCleanJerkPoints	int	cleanJerkPoints				yes	COMPUTED_SCALAR_NO_FIELD
app/owlcms/data/category/Participation.java	166	Participation	METHOD	getCombinedPoints	Integer	combinedPoints				yes	COMPUTED_SCALAR_NO_FIELD
app/owlcms/data/category/Participation.java	171	Participation	METHOD	getRawTotalPoints	int	rawTotalPoints				yes	COMPUTED_SCALAR_NO_FIELD
app/owlcms/data/category/Participation.java	176	Participation	METHOD	getRawSnatchPoints	int	rawSnatchPoints				yes	COMPUTED_SCALAR_NO_FIELD
app/owlcms/data/category/Participation.java	181	Participation	METHOD	getRawCleanJerkPoints	int	rawCleanJerkPoints				yes	COMPUTED_SCALAR_NO_FIELD
app/owlcms/data/category/Participation.java	186	Participation	METHOD	getRawCombinedPoints	int	rawCombinedPoints				yes	COMPUTED_SCALAR_NO_FIELD
app/owlcms/data/category/Participation.java	199	Participation	METHOD	getCustomPoints	int	customPoints				yes	COMPUTED_SCALAR_NO_FIELD
app/owlcms/data/category/Participation.java	216	Participation	METHOD	getSnatchPoints	int	snatchPoints				yes	COMPUTED_SCALAR_NO_FIELD
app/owlcms/data/category/Participation.java	256	Participation	METHOD	getTotalPoints	int	totalPoints				yes	COMPUTED_SCALAR_NO_FIELD
app/owlcms/data/coach/Coach.java	37	Coach	FIELD	logger	Logger	logger	logger	Logger	@JsonIgnore		FIELD_JPA_EXCLUDED
app/owlcms/data/competition/Competition.java	362	Competition	FIELD	medalsByGroup	HashMap<Group,TreeMap<String,List<Athlete>>>	medalsByGroup	medalsByGroup	HashMap<Group,TreeMap<String,List<Athlete>>>	@JsonIgnore,@Transient		FIELD_JPA_EXCLUDED
app/owlcms/data/competition/Competition.java	382	Competition	FIELD	rankingsInvalid	boolean	rankingsInvalid	rankingsInvalid	boolean	@JsonIgnore,@Transient		FIELD_JPA_EXCLUDED
app/owlcms/data/competition/Competition.java	451	Competition	FIELD	simulation	boolean	simulation	simulation	boolean	@JsonIgnore,@Transient		FIELD_JPA_EXCLUDED
app/owlcms/data/competition/Competition.java	907	Competition	METHOD	getCompetitionDateAsDate	Date	competitionDateAsDate				yes	COMPUTED_SCALAR_NO_FIELD
app/owlcms/data/competition/Competition.java	939	Competition	METHOD	getComputedCardsTemplateFileName	String	computedCardsTemplateFileName				yes	COMPUTED_SCALAR_NO_FIELD
app/owlcms/data/competition/Competition.java	948	Competition	METHOD	getComputedCategoriesListTemplateFileName	String	computedCategoriesListTemplateFileName				yes	COMPUTED_SCALAR_NO_FIELD
app/owlcms/data/competition/Competition.java	956	Competition	METHOD	getComputedCurrentRecordsTemplateFileName	String	computedCurrentRecordsTemplateFileName				yes	COMPUTED_SCALAR_NO_FIELD
app/owlcms/data/competition/Competition.java	978	Competition	METHOD	getComputedJuryTemplateFileName	String	computedJuryTemplateFileName				yes	COMPUTED_SCALAR_NO_FIELD
app/owlcms/data/competition/Competition.java	986	Competition	METHOD	getComputedMedalScheduleTemplateFileName	String	computedMedalScheduleTemplateFileName				yes	COMPUTED_SCALAR_NO_FIELD
app/owlcms/data/competition/Competition.java	1000	Competition	METHOD	getComputedMedalsTemplateFileName	String	computedMedalsTemplateFileName				yes	COMPUTED_SCALAR_NO_FIELD
app/owlcms/data/competition/Competition.java	1009	Competition	METHOD	getComputedOfficialsListTemplateFileName	String	computedOfficialsListTemplateFileName				yes	COMPUTED_SCALAR_NO_FIELD
app/owlcms/data/competition/Competition.java	1023	Competition	METHOD	getComputedProtocolTemplateFileName	String	computedProtocolTemplateFileName				yes	COMPUTED_SCALAR_NO_FIELD
app/owlcms/data/competition/Competition.java	1038	Competition	METHOD	getComputedResultsTemplateFileName	String	computedResultsTemplateFileName				yes	COMPUTED_SCALAR_NO_FIELD
app/owlcms/data/competition/Competition.java	1047	Competition	METHOD	getComputedStartListTemplateFileName	String	computedStartListTemplateFileName				yes	COMPUTED_SCALAR_NO_FIELD
app/owlcms/data/competition/Competition.java	1055	Competition	METHOD	getComputedTeamsListTemplateFileName	String	computedTeamsListTemplateFileName				yes	COMPUTED_SCALAR_NO_FIELD
app/owlcms/data/competition/Competition.java	1063	Competition	METHOD	getComputedTeamResultsTemplateFileName	String	computedTeamResultsTemplateFileName				yes	COMPUTED_SCALAR_NO_FIELD
app/owlcms/data/competition/Competition.java	1071	Competition	METHOD	getComputedTechnicalOfficialsTemplateFileName	String	computedTechnicalOfficialsTemplateFileName				yes	COMPUTED_SCALAR_NO_FIELD
app/owlcms/data/competition/Competition.java	1083	Competition	METHOD	getEnabledRankingsInternal	String	enabledRankingsInternal				no	COMPUTED_SCALAR_NO_FIELD
app/owlcms/data/competition/Competition.java	1088	Competition	METHOD	setEnabledRankingsInternal	String	enabledRankingsInternal				no	COMPUTED_SCALAR_NO_FIELD
app/owlcms/data/competition/Competition.java	1135	Competition	METHOD	getTeamScheduleColumnOrder	List<String>	teamScheduleColumnOrder	teamScheduleColumnOrder	String	@Column	no	MATCHING_FIELD_STILL_PERSISTED
app/owlcms/data/competition/Competition.java	1148	Competition	METHOD	setTeamScheduleColumnOrder	List<String>	teamScheduleColumnOrder	teamScheduleColumnOrder	String	@Column	no	MATCHING_FIELD_STILL_PERSISTED
app/owlcms/data/competition/Competition.java	1259	Competition	METHOD	getGlobalRanking	List<Athlete>					yes	COMPUTED_OBJECT_NO_FIELD
app/owlcms/data/competition/Competition.java	1268	Competition	METHOD	getGlobalScoreRanking	List<Athlete>					yes	COMPUTED_OBJECT_NO_FIELD
app/owlcms/data/competition/Competition.java	1310	Competition	METHOD	getListOrElseRecompute	List<Athlete>					yes	COMPUTED_OBJECT_NO_FIELD
app/owlcms/data/competition/Competition.java	1432	Competition	METHOD	getMenBestNElseDefault	Integer	menBestNElseDefault				yes	COMPUTED_SCALAR_NO_FIELD
app/owlcms/data/competition/Competition.java	1443	Competition	METHOD	getMixedBestNElseDefault	Integer	mixedBestNElseDefault				yes	COMPUTED_SCALAR_NO_FIELD
app/owlcms/data/competition/Competition.java	1493	Competition	METHOD	getReportingBeans	HashMap<String,Object>	reportingBeans	reportingBeans	HashMap<String,Object>	@Transient	yes	MATCHING_FIELD_JPA_EXCLUDED
app/owlcms/data/competition/Competition.java	1502	Competition	METHOD	getLegacyCompetitionScoringSystem	Ranking	legacyCompetitionScoringSystem				yes	COMPUTED_SCALAR_NO_FIELD
app/owlcms/data/competition/Competition.java	1526	Competition	METHOD	getLegacyCompetitionBestAthleteScoringSystemForMigration	Ranking	legacyCompetitionBestAthleteScoringSystemForMigration				yes	COMPUTED_SCALAR_NO_FIELD
app/owlcms/data/competition/Competition.java	1534	Competition	METHOD	getLegacyCompetitionBestAthleteScoringSystemOrDefault	Ranking	legacyCompetitionBestAthleteScoringSystemOrDefault				yes	COMPUTED_SCALAR_NO_FIELD
app/owlcms/data/competition/Competition.java	1561	Competition	METHOD	migrateToChampionship	boolean					yes	COMPUTED_SCALAR_NO_FIELD
app/owlcms/data/competition/Competition.java	1631	Competition	METHOD	getBestAthleteScoringSystem	Ranking	bestAthleteScoringSystem				yes	COMPUTED_SCALAR_NO_FIELD
app/owlcms/data/competition/Competition.java	1696	Competition	METHOD	getWomenBestNElseDefault	Integer	womenBestNElseDefault				yes	COMPUTED_SCALAR_NO_FIELD
app/owlcms/data/competition/Competition.java	1742	Competition	METHOD	isByAgeGroup	boolean	byAgeGroup				yes	COMPUTED_SCALAR_NO_FIELD
app/owlcms/data/competition/Competition.java	1880	Competition	METHOD	isUseRegistrationCategory	boolean	useRegistrationCategory	useRegistrationCategory	boolean	@Column,@Deprecated	yes	MATCHING_FIELD_STILL_PERSISTED
app/owlcms/data/competition/Competition.java	2281	Competition	METHOD	setUseRegistrationCategory	boolean	useRegistrationCategory	useRegistrationCategory	boolean	@Column,@Deprecated	yes	MATCHING_FIELD_STILL_PERSISTED
app/owlcms/data/config/Config.java	172	Config	FIELD	managedForwardingActivity	Map<String,Boolean>	managedForwardingActivity	managedForwardingActivity	Map<String,Boolean>	@JsonIgnore,@Transient		FIELD_JPA_EXCLUDED
app/owlcms/data/config/Config.java	179	Config	FIELD	skipReading	boolean	skipReading	skipReading	boolean	@JsonIgnore,@Transient		FIELD_JPA_EXCLUDED
app/owlcms/data/config/Config.java	188	Config	FIELD	useCompetitionDate	Boolean	useCompetitionDate	useCompetitionDate	Boolean	@JsonIgnore,@Transient		FIELD_JPA_EXCLUDED
app/owlcms/data/config/Config.java	199	Config	FIELD	mqttConfig	IConfig	mqttConfig	mqttConfig	IConfig	@JsonIgnore,@Transient		FIELD_JPA_EXCLUDED
app/owlcms/data/config/Config.java	246	Config	METHOD	isRecordRepository	boolean	recordRepository				yes	COMPUTED_SCALAR_NO_FIELD
app/owlcms/data/config/Config.java	498	Config	METHOD	getDisplayPinForField	String	displayPinForField				yes	COMPUTED_SCALAR_NO_FIELD
app/owlcms/data/config/Config.java	525	Config	METHOD	getEffectiveForwardingDestinations	List<ForwardingConnection>	effectiveForwardingDestinations				yes	COMPUTED_OBJECT_NO_FIELD
app/owlcms/data/config/Config.java	578	Config	METHOD	getLocale	Locale	locale				yes	COMPUTED_OBJECT_NO_FIELD
app/owlcms/data/config/Config.java	621	Config	METHOD	getMqttPasswordForField	String	mqttPasswordForField				yes	COMPUTED_SCALAR_NO_FIELD
app/owlcms/data/config/Config.java	641	Config	METHOD	getParamAccessList	String	paramAccessList				yes	COMPUTED_SCALAR_NO_FIELD
app/owlcms/data/config/Config.java	657	Config	METHOD	getParamBackdoorList	String	paramBackdoorList				yes	COMPUTED_SCALAR_NO_FIELD
app/owlcms/data/config/Config.java	670	Config	METHOD	getParamDecisionUrl	String	paramDecisionUrl				yes	COMPUTED_SCALAR_NO_FIELD
app/owlcms/data/config/Config.java	683	Config	METHOD	getParamDisplayList	String	paramDisplayList				yes	COMPUTED_SCALAR_NO_FIELD
app/owlcms/data/config/Config.java	699	Config	METHOD	getParamDisplayPin	String	paramDisplayPin				yes	COMPUTED_SCALAR_NO_FIELD
app/owlcms/data/config/Config.java	722	Config	METHOD	getParamMqttInternal	boolean	paramMqttInternal				yes	COMPUTED_SCALAR_NO_FIELD
app/owlcms/data/config/Config.java	732	Config	METHOD	getParamEventForwardingEnabled	boolean	paramEventForwardingEnabled				yes	COMPUTED_SCALAR_NO_FIELD
app/owlcms/data/config/Config.java	741	Config	METHOD	getParamMqttPassword	String	paramMqttPassword				yes	COMPUTED_SCALAR_NO_FIELD
app/owlcms/data/config/Config.java	759	Config	METHOD	getParamMqttPort	String	paramMqttPort				yes	COMPUTED_SCALAR_NO_FIELD
app/owlcms/data/config/Config.java	775	Config	METHOD	getParamMqttWsPort	String	paramMqttWsPort				yes	COMPUTED_SCALAR_NO_FIELD
app/owlcms/data/config/Config.java	787	Config	METHOD	getParamMqttServer	String	paramMqttServer				yes	COMPUTED_SCALAR_NO_FIELD
app/owlcms/data/config/Config.java	796	Config	METHOD	getParamMqttUserName	String	paramMqttUserName				yes	COMPUTED_SCALAR_NO_FIELD
app/owlcms/data/config/Config.java	812	Config	METHOD	getParamPin	String	paramPin				yes	COMPUTED_SCALAR_NO_FIELD
app/owlcms/data/config/Config.java	846	Config	METHOD	getParamPublicResultsURL	String	paramPublicResultsURL				yes	COMPUTED_SCALAR_NO_FIELD
app/owlcms/data/config/Config.java	865	Config	METHOD	getParamStylesDir	String	paramStylesDir				yes	COMPUTED_SCALAR_NO_FIELD
app/owlcms/data/config/Config.java	909	Config	METHOD	getParamTimerUrl	String	paramTimerUrl				yes	COMPUTED_SCALAR_NO_FIELD
app/owlcms/data/config/Config.java	925	Config	METHOD	getParamUpdateKey	String	paramUpdateKey				yes	COMPUTED_SCALAR_NO_FIELD
app/owlcms/data/config/Config.java	938	Config	METHOD	getParamUpdateUrl	String	paramUpdateUrl				yes	COMPUTED_SCALAR_NO_FIELD
app/owlcms/data/config/Config.java	951	Config	METHOD	getParamVideoDataDecisionUrl	String	paramVideoDataDecisionUrl				yes	COMPUTED_SCALAR_NO_FIELD
app/owlcms/data/config/Config.java	967	Config	METHOD	getParamVideoDataKey	String	paramVideoDataKey				yes	COMPUTED_SCALAR_NO_FIELD
app/owlcms/data/config/Config.java	980	Config	METHOD	getParamVideoDataTimerUrl	String	paramVideoDataTimerUrl				yes	COMPUTED_SCALAR_NO_FIELD
app/owlcms/data/config/Config.java	993	Config	METHOD	getParamVideoDataUpdateUrl	String	paramVideoDataUpdateUrl				yes	COMPUTED_SCALAR_NO_FIELD
app/owlcms/data/config/Config.java	1009	Config	METHOD	getParamVideoDataURL	String	paramVideoDataURL				yes	COMPUTED_SCALAR_NO_FIELD
app/owlcms/data/config/Config.java	1026	Config	METHOD	getParamVideoStylesDir	String	paramVideoStylesDir				yes	COMPUTED_SCALAR_NO_FIELD
app/owlcms/data/config/Config.java	1057	Config	METHOD	getParamPublicStylesDir	String	paramPublicStylesDir				yes	COMPUTED_SCALAR_NO_FIELD
app/owlcms/data/config/Config.java	1092	Config	METHOD	getPinForField	String	pinForField				yes	COMPUTED_SCALAR_NO_FIELD
app/owlcms/data/config/Config.java	1110	Config	METHOD	getStylesDirBase	String	stylesDirBase				yes	COMPUTED_SCALAR_NO_FIELD
app/owlcms/data/config/Config.java	1146	Config	METHOD	getVideoStylesDirBase	String	videoStylesDirBase				yes	COMPUTED_SCALAR_NO_FIELD
app/owlcms/data/config/Config.java	1165	Config	METHOD	isClearZip	boolean	clearZip	clearZip	boolean	@Column	yes	MATCHING_FIELD_STILL_PERSISTED
app/owlcms/data/config/Config.java	1173	Config	METHOD	isIgnoreCaching	boolean	ignoreCaching				yes	COMPUTED_SCALAR_NO_FIELD
app/owlcms/data/config/Config.java	1186	Config	METHOD	isTraceMemory	boolean	traceMemory	traceMemory	Boolean	@Transient	yes	MATCHING_FIELD_JPA_EXCLUDED
app/owlcms/data/config/Config.java	1194	Config	METHOD	isUseCompetitionDate	boolean	useCompetitionDate	useCompetitionDate	Boolean	@JsonIgnore,@Transient	yes	MATCHING_FIELD_JPA_EXCLUDED
app/owlcms/data/config/Config.java	1310	Config	METHOD	getLocalZipBlobBytes	byte[]	localZipBlobBytes				yes	COMPUTED_OBJECT_NO_FIELD
app/owlcms/data/group/Group.java	254	Group	FIELD	hourFormatter	DateTimeFormatter	hourFormatter	hourFormatter	DateTimeFormatter	@JsonIgnore,@Transient		FIELD_JPA_EXCLUDED
app/owlcms/data/group/Group.java	257	Group	FIELD	dayFormatter	DateTimeFormatter	dayFormatter	dayFormatter	DateTimeFormatter	@JsonIgnore,@Transient		FIELD_JPA_EXCLUDED
app/owlcms/data/group/Group.java	260	Group	FIELD	isoDateFormatter	DateTimeFormatter	isoDateFormatter	isoDateFormatter	DateTimeFormatter	@JsonIgnore,@Transient		FIELD_JPA_EXCLUDED
app/owlcms/data/group/Group.java	263	Group	FIELD	isoHourFormatter	DateTimeFormatter	isoHourFormatter	isoHourFormatter	DateTimeFormatter	@JsonIgnore,@Transient		FIELD_JPA_EXCLUDED
app/owlcms/data/group/Group.java	302	Group	FIELD	pattern	Pattern	pattern	pattern	Pattern	@JsonIgnore,@Transient		FIELD_JPA_EXCLUDED
app/owlcms/data/group/Group.java	517	Group	METHOD	getAgeGroupInfo	List<AgeGroupInfo>	ageGroupInfo				yes	COMPUTED_OBJECT_NO_FIELD
app/owlcms/data/group/Group.java	523	Group	METHOD	getAgeGroupInfoByAge	List<AgeGroupInfo>	ageGroupInfoByAge				yes	COMPUTED_OBJECT_NO_FIELD
app/owlcms/data/group/Group.java	529	Group	METHOD	getAlphaAthletes	List<Athlete>	alphaAthletes				yes	COMPUTED_OBJECT_NO_FIELD
app/owlcms/data/group/Group.java	545	Group	METHOD	getAnnouncerAsTO	TechnicalOfficial	announcerAsTO				yes	COMPUTED_OBJECT_NO_FIELD
app/owlcms/data/group/Group.java	554	Group	METHOD	getAthletes	List<Athlete>	athletes				yes	COMPUTED_OBJECT_NO_FIELD
app/owlcms/data/group/Group.java	559	Group	METHOD	getRecords	List<RecordEvent>	records				yes	COMPUTED_OBJECT_NO_FIELD
app/owlcms/data/group/Group.java	566	Group	METHOD	setRecords	List<RecordEvent>	records				yes	COMPUTED_OBJECT_NO_FIELD
app/owlcms/data/group/Group.java	574	Group	METHOD	getCleanJerkBreakMinutes	int	cleanJerkBreakMinutes				yes	COMPUTED_SCALAR_NO_FIELD
app/owlcms/data/group/Group.java	598	Group	METHOD	getCompetitionDirectorAsTO	TechnicalOfficial	competitionDirectorAsTO				yes	COMPUTED_OBJECT_NO_FIELD
app/owlcms/data/group/Group.java	608	Group	METHOD	getCompetitionSecretaryAsTO	TechnicalOfficial	competitionSecretaryAsTO				yes	COMPUTED_OBJECT_NO_FIELD
app/owlcms/data/group/Group.java	618	Group	METHOD	getCompetitionSecretary2AsTO	TechnicalOfficial	competitionSecretary2AsTO				yes	COMPUTED_OBJECT_NO_FIELD
app/owlcms/data/group/Group.java	631	Group	METHOD	getCompetitionShortDateTime	String	competitionShortDateTime				yes	COMPUTED_SCALAR_NO_FIELD
app/owlcms/data/group/Group.java	652	Group	METHOD	getCompetitionTimeAsDate	Date	competitionTimeAsDate				yes	COMPUTED_SCALAR_NO_FIELD
app/owlcms/data/group/Group.java	657	Group	METHOD	getCompetitionTimeAsExcelDate	Double	competitionTimeAsExcelDate				yes	COMPUTED_SCALAR_NO_FIELD
app/owlcms/data/group/Group.java	667	Group	METHOD	getFormattedRange	String	formattedRange				yes	COMPUTED_SCALAR_NO_FIELD
app/owlcms/data/group/Group.java	775	Group	METHOD	getIntlStartDay	String	intlStartDay				yes	COMPUTED_SCALAR_NO_FIELD
app/owlcms/data/group/Group.java	792	Group	METHOD	getIntlStartHour	String	intlStartHour				yes	COMPUTED_SCALAR_NO_FIELD
app/owlcms/data/group/Group.java	809	Group	METHOD	getIntlWeighInDay	String	intlWeighInDay				yes	COMPUTED_SCALAR_NO_FIELD
app/owlcms/data/group/Group.java	826	Group	METHOD	getIntlWeighInHour	String	intlWeighInHour				yes	COMPUTED_SCALAR_NO_FIELD
app/owlcms/data/group/Group.java	843	Group	METHOD	getJury	String	jury				no	COMPUTED_SCALAR_NO_FIELD
app/owlcms/data/group/Group.java	857	Group	METHOD	getJury1AsTO	TechnicalOfficial	jury1AsTO				yes	COMPUTED_OBJECT_NO_FIELD
app/owlcms/data/group/Group.java	870	Group	METHOD	getJury2AsTO	TechnicalOfficial	jury2AsTO				yes	COMPUTED_OBJECT_NO_FIELD
app/owlcms/data/group/Group.java	883	Group	METHOD	getJury3AsTO	TechnicalOfficial	jury3AsTO				yes	COMPUTED_OBJECT_NO_FIELD
app/owlcms/data/group/Group.java	896	Group	METHOD	getJury4AsTO	TechnicalOfficial	jury4AsTO				yes	COMPUTED_OBJECT_NO_FIELD
app/owlcms/data/group/Group.java	909	Group	METHOD	getJury5AsTO	TechnicalOfficial	jury5AsTO				yes	COMPUTED_OBJECT_NO_FIELD
app/owlcms/data/group/Group.java	920	Group	METHOD	getLocalizedStartDay	String	localizedStartDay				yes	COMPUTED_SCALAR_NO_FIELD
app/owlcms/data/group/Group.java	941	Group	METHOD	getLocalizedStartHour	String	localizedStartHour				yes	COMPUTED_SCALAR_NO_FIELD
app/owlcms/data/group/Group.java	958	Group	METHOD	getLocalStartHour	String	localStartHour				yes	COMPUTED_SCALAR_NO_FIELD
app/owlcms/data/group/Group.java	968	Group	METHOD	getLocalWeighInDay	String	localWeighInDay				yes	COMPUTED_SCALAR_NO_FIELD
app/owlcms/data/group/Group.java	990	Group	METHOD	getLocalWeighInHour	String	localWeighInHour				yes	COMPUTED_SCALAR_NO_FIELD
app/owlcms/data/group/Group.java	1010	Group	METHOD	getMarshal2AsTO	TechnicalOfficial	marshal2AsTO				yes	COMPUTED_OBJECT_NO_FIELD
app/owlcms/data/group/Group.java	1025	Group	METHOD	getMarshallAsTO	TechnicalOfficial	marshallAsTO				yes	COMPUTED_OBJECT_NO_FIELD
app/owlcms/data/group/Group.java	1068	Group	METHOD	getReferee1AsTO	TechnicalOfficial	referee1AsTO				yes	COMPUTED_OBJECT_NO_FIELD
app/owlcms/data/group/Group.java	1083	Group	METHOD	getReferee2AsTO	TechnicalOfficial	referee2AsTO				yes	COMPUTED_OBJECT_NO_FIELD
app/owlcms/data/group/Group.java	1098	Group	METHOD	getReferee3AsTO	TechnicalOfficial	referee3AsTO				yes	COMPUTED_OBJECT_NO_FIELD
app/owlcms/data/group/Group.java	1111	Group	METHOD	getReserveJuryAsTO	TechnicalOfficial	reserveJuryAsTO				yes	COMPUTED_OBJECT_NO_FIELD
app/owlcms/data/group/Group.java	1160	Group	METHOD	getDoctorAsTO	TechnicalOfficial	doctorAsTO				yes	COMPUTED_OBJECT_NO_FIELD
app/owlcms/data/group/Group.java	1166	Group	METHOD	getDoctor2AsTO	TechnicalOfficial	doctor2AsTO				yes	COMPUTED_OBJECT_NO_FIELD
app/owlcms/data/group/Group.java	1172	Group	METHOD	getDoctor3AsTO	TechnicalOfficial	doctor3AsTO				yes	COMPUTED_OBJECT_NO_FIELD
app/owlcms/data/group/Group.java	1185	Group	METHOD	getReserveAsTO	TechnicalOfficial	reserveAsTO				yes	COMPUTED_OBJECT_NO_FIELD
app/owlcms/data/group/Group.java	1191	Group	METHOD	getSessionBlock	Integer	sessionBlock				yes	COMPUTED_SCALAR_NO_FIELD
app/owlcms/data/group/Group.java	1213	Group	METHOD	getStartingRange	Range	startingRange				yes	COMPUTED_OBJECT_NO_FIELD
app/owlcms/data/group/Group.java	1245	Group	METHOD	getTechnicalController2AsTO	TechnicalOfficial	technicalController2AsTO				yes	COMPUTED_OBJECT_NO_FIELD
app/owlcms/data/group/Group.java	1251	Group	METHOD	getTechnicalController3AsTO	TechnicalOfficial	technicalController3AsTO				yes	COMPUTED_OBJECT_NO_FIELD
app/owlcms/data/group/Group.java	1257	Group	METHOD	getTechnicalControllerAsTO	TechnicalOfficial	technicalControllerAsTO				yes	COMPUTED_OBJECT_NO_FIELD
app/owlcms/data/group/Group.java	1272	Group	METHOD	getTimeKeeperAsTO	TechnicalOfficial	timeKeeperAsTO				yes	COMPUTED_OBJECT_NO_FIELD
app/owlcms/data/group/Group.java	1282	Group	METHOD	getWeighIn1AsTO	TechnicalOfficial	weighIn1AsTO				yes	COMPUTED_OBJECT_NO_FIELD
app/owlcms/data/group/Group.java	1292	Group	METHOD	getWeighIn2AsTO	TechnicalOfficial	weighIn2AsTO				yes	COMPUTED_OBJECT_NO_FIELD
app/owlcms/data/group/Group.java	1303	Group	METHOD	getWeighInShortDateTime	String	weighInShortDateTime				yes	COMPUTED_SCALAR_NO_FIELD
app/owlcms/data/group/Group.java	1324	Group	METHOD	getWeighInTimeAsDate	Date	weighInTimeAsDate				yes	COMPUTED_SCALAR_NO_FIELD
app/owlcms/data/group/Group.java	1627	Group	METHOD	getFirstSnatchExcelTime	double	firstSnatchExcelTime				yes	COMPUTED_SCALAR_NO_FIELD
app/owlcms/data/group/Group.java	1633	Group	METHOD	getFirstCJExcelTime	double	firstCJExcelTime				yes	COMPUTED_SCALAR_NO_FIELD
app/owlcms/data/group/Group.java	1638	Group	METHOD	getLastSnatchDecisionExcelTime	double	lastSnatchDecisionExcelTime				yes	COMPUTED_SCALAR_NO_FIELD
app/owlcms/data/group/Group.java	1643	Group	METHOD	getLastCJDecisionExcelTime	double	lastCJDecisionExcelTime				yes	COMPUTED_SCALAR_NO_FIELD
app/owlcms/data/platform/Platform.java	68	Platform	FIELD	logger	Logger	logger	logger	Logger	@JsonIgnore		FIELD_JPA_EXCLUDED
app/owlcms/data/platform/Platform.java	73	Platform	FIELD	testingPlatform	Platform	testingPlatform	testingPlatform	Platform	@JsonIgnore		FIELD_JPA_EXCLUDED
app/owlcms/data/platform/Platform.java	81	Platform	METHOD	getCurrent	Platform	current				no	COMPUTED_OBJECT_NO_FIELD
app/owlcms/data/platform/Platform.java	97	Platform	METHOD	setCurrent	Platform	current				no	COMPUTED_OBJECT_NO_FIELD
app/owlcms/data/platform/Platform.java	120	Platform	FIELD	mixer	Mixer	mixer	mixer	Mixer	@JsonIgnore,@Transient		FIELD_JPA_EXCLUDED
app/owlcms/data/platform/Platform.java	123	Platform	FIELD	mixerChecked	boolean	mixerChecked	mixerChecked	boolean	@JsonIgnore,@Transient		FIELD_JPA_EXCLUDED
app/owlcms/data/platform/Platform.java	165	Platform	FIELD	nonStandardBar	Boolean	nonStandardBar	nonStandardBar	Boolean	@JsonIgnore,@SuppressWarnings		FIELD_STILL_PERSISTED
app/owlcms/data/platform/Platform.java	181	Platform	FIELD	uiSettingsJson	String	uiSettingsJson	uiSettingsJson	String	@Column,@JsonIgnore		FIELD_STILL_PERSISTED
app/owlcms/data/platform/Platform.java	185	Platform	FIELD	UI_SETTINGS_MAPPER	ObjectMapper	UI_SETTINGS_MAPPER	UI_SETTINGS_MAPPER	ObjectMapper	@JsonIgnore		FIELD_JPA_EXCLUDED
app/owlcms/data/platform/Platform.java	902	Platform	METHOD	getSessions	List<Group>	sessions				yes	COMPUTED_OBJECT_NO_FIELD
app/owlcms/data/records/RecordConfig.java	110	RecordConfig	METHOD	getLoadedFiles	List<RecordEvent>	loadedFiles				yes	COMPUTED_OBJECT_NO_FIELD
app/owlcms/data/records/RecordConfig.java	132	RecordConfig	METHOD	setLoadedFiles	List<RecordEvent>	loadedFiles				yes	COMPUTED_OBJECT_NO_FIELD
app/owlcms/data/records/RecordEvent.java	165	RecordEvent	FIELD	dateFormat	DateTimeFormatter	dateFormat	dateFormat	DateTimeFormatter	@JsonIgnore,@Transient		FIELD_JPA_EXCLUDED
app/owlcms/data/records/RecordEvent.java	240	RecordEvent	METHOD	getBirth	String	birth				yes	COMPUTED_SCALAR_NO_FIELD
app/owlcms/data/records/RecordEvent.java	327	RecordEvent	METHOD	getKey	String	key				yes	COMPUTED_SCALAR_NO_FIELD
app/owlcms/data/records/RecordEvent.java	341	RecordEvent	METHOD	getRecordDateAsString	String	recordDateAsString				yes	COMPUTED_SCALAR_NO_FIELD
app/owlcms/data/records/RecordEvent.java	369	RecordEvent	METHOD	getResAthleteName	String	resAthleteName				yes	COMPUTED_SCALAR_NO_FIELD
app/owlcms/data/records/RecordEvent.java	374	RecordEvent	METHOD	getResRecordLift	String	resRecordLift				yes	COMPUTED_SCALAR_NO_FIELD
app/owlcms/data/records/RecordEvent.java	391	RecordEvent	METHOD	getTranslatedGender	String	translatedGender				yes	COMPUTED_SCALAR_NO_FIELD
app/owlcms/data/records/RecordEvent.java	399	RecordEvent	METHOD	getTranslatedLift	String	translatedLift				yes	COMPUTED_SCALAR_NO_FIELD
app/owlcms/data/records/RecordEvent.java	734	RecordEvent	METHOD	getName	String	name				yes	COMPUTED_SCALAR_NO_FIELD
app/owlcms/data/technicalofficial/TechnicalOfficial.java	43	TechnicalOfficial	FIELD	logger	Logger	logger	logger	Logger	@JsonIgnore		FIELD_JPA_EXCLUDED
app/owlcms/data/technicalofficial/TechnicalOfficial.java	59	TechnicalOfficial	FIELD	officialRole	OfficialRole	officialRole	officialRole	OfficialRole	@Column,@Enumerated,@JsonIgnore		FIELD_STILL_PERSISTED
app/owlcms/data/technicalofficial/TechnicalOfficial.java	275	TechnicalOfficial	METHOD	getRole	Role	role	role	Role	@Column,@Enumerated,@JsonProperty	no	MATCHING_OBJECT_FIELD_STILL_PERSISTED
app/owlcms/data/technicalofficial/TechnicalOfficial.java	284	TechnicalOfficial	METHOD	setRole	Role	role	role	Role	@Column,@Enumerated,@JsonProperty	no	MATCHING_OBJECT_FIELD_STILL_PERSISTED
app/owlcms/data/technicalofficial/TechnicalOfficial.java	306	TechnicalOfficial	METHOD	getCredentialType	CredentialType	credentialType				yes	COMPUTED_SCALAR_NO_FIELD
app/owlcms/data/technicalofficial/TechnicalOfficial.java	316	TechnicalOfficial	METHOD	getTranslatedAccreditationRole	String	translatedAccreditationRole				yes	COMPUTED_SCALAR_NO_FIELD
app/owlcms/data/technicalofficial/TechnicalOfficial.java	327	TechnicalOfficial	METHOD	getTranslatedRole	String	translatedRole				yes	COMPUTED_SCALAR_NO_FIELD
app/owlcms/data/technicalofficial/TechnicalOfficial.java	338	TechnicalOfficial	METHOD	getTranslatedCredentialType	String	translatedCredentialType				yes	COMPUTED_SCALAR_NO_FIELD
app/owlcms/data/technicalofficial/TechnicalOfficial.java	347	TechnicalOfficial	METHOD	getTeamFlagPath	String	teamFlagPath				yes	COMPUTED_SCALAR_NO_FIELD
app/owlcms/data/technicalofficial/TechnicalOfficialsTimetable.java	86	TechnicalOfficialsTimetable	METHOD	getRoleCategory	OfficialRole	roleCategory	roleCategory	OfficialRole	@Column,@Enumerated	no	MATCHING_OBJECT_FIELD_STILL_PERSISTED
app/owlcms/data/technicalofficial/TechnicalOfficialsTimetable.java	91	TechnicalOfficialsTimetable	METHOD	setRoleCategory	OfficialRole	roleCategory	roleCategory	OfficialRole	@Column,@Enumerated	no	MATCHING_OBJECT_FIELD_STILL_PERSISTED
