key	en	en_US	en_CA	es	es_419	es_ES	es_SV	es_EC	fr	fr_CA	fr_FR	pt	ru	de	sv	da	fi	no	fo	hu	ro	pl	hy	he	ar	el	ja	zh_HANT	et	ia
FeatureSwitch.tcrrCompliance	TCRR compliance mode; changes require a restart.			Modo de conformidad con el TCRR; los cambios requieren un reinicio.		Modo de conformidad con el TCRR; los cambios requieren un reinicio.	Modo de conformidad con el TCRR; los cambios requieren un reinicio.	Modo de conformidad con el TCRR; los cambios requieren un reinicio.	Mode de conformité au TCRR ; les modifications nécessitent un redémarrage.			Modo de conformidade com o TCRR; as alterações exigem reinicialização.	Режим соответствия TCRR; изменения требуют перезапуска.	TCRR-Konformitätsmodus; Änderungen erfordern einen Neustart.	TCRR compliance mode; changes require a restart.	TCRR compliance mode; changes require a restart.	TCRR compliance mode; changes require a restart.	TCRR compliance mode; changes require a restart.	TCRR compliance mode; changes require a restart.	TCRR compliance mode; changes require a restart.	TCRR compliance mode; changes require a restart.	TCRR compliance mode; changes require a restart.	TCRR compliance mode; changes require a restart.	TCRR compliance mode; changes require a restart.	TCRR compliance mode; changes require a restart.	TCRR compliance mode; changes require a restart.	TCRR compliance mode; changes require a restart.	TCRR compliance mode; changes require a restart.	TCRR compliance mode; changes require a restart.	
FeatureSwitch.iwfCompliance	Audit integrity mode. A configured key forces this mode on. Changes require a restart.			Modo de integridad de auditoría. Una clave configurada activa este modo. Los cambios requieren un reinicio.		Modo de integridad de auditoría. Una clave configurada activa este modo. Los cambios requieren un reinicio.	Modo de integridad de auditoría. Una clave configurada activa este modo. Los cambios requieren un reinicio.	Modo de integridad de auditoría. Una clave configurada activa este modo. Los cambios requieren un reinicio.	Mode d'intégrité de l'audit. Une clé configurée impose ce mode. Les modifications nécessitent un redémarrage.			Modo de integridade da auditoria. Uma chave configurada ativa este modo. As alterações exigem reinicialização.	Режим целостности аудита. Настроенный ключ включает этот режим. Изменения требуют перезапуска.	Audit-Integritätsmodus. Ein konfigurierter Schlüssel erzwingt diesen Modus. Änderungen erfordern einen Neustart.	Audit integrity mode. A configured key forces this mode on. Changes require a restart.	Audit integrity mode. A configured key forces this mode on. Changes require a restart.	Audit integrity mode. A configured key forces this mode on. Changes require a restart.	Audit integrity mode. A configured key forces this mode on. Changes require a restart.	Audit integrity mode. A configured key forces this mode on. Changes require a restart.	Audit integrity mode. A configured key forces this mode on. Changes require a restart.	Audit integrity mode. A configured key forces this mode on. Changes require a restart.	Audit integrity mode. A configured key forces this mode on. Changes require a restart.	Audit integrity mode. A configured key forces this mode on. Changes require a restart.	Audit integrity mode. A configured key forces this mode on. Changes require a restart.	Audit integrity mode. A configured key forces this mode on. Changes require a restart.	Audit integrity mode. A configured key forces this mode on. Changes require a restart.	Audit integrity mode. A configured key forces this mode on. Changes require a restart.	Audit integrity mode. A configured key forces this mode on. Changes require a restart.	Audit integrity mode. A configured key forces this mode on. Changes require a restart.	
AuditIntegrity.PrepareTitle	Prepare Audit Integrity			Preparar la integridad de auditoría		Preparar la integridad de auditoría	Preparar la integridad de auditoría	Preparar la integridad de auditoría	Préparer l'intégrité de l'audit			Preparar a integridade da auditoria	Подготовка целостности аудита	Audit-Integrität vorbereiten	Prepare Audit Integrity	Prepare Audit Integrity	Prepare Audit Integrity	Prepare Audit Integrity	Prepare Audit Integrity	Prepare Audit Integrity	Prepare Audit Integrity	Prepare Audit Integrity	Prepare Audit Integrity	Prepare Audit Integrity	Prepare Audit Integrity	Prepare Audit Integrity	Prepare Audit Integrity	Prepare Audit Integrity	Prepare Audit Integrity	
AuditIntegrity.CheckTitle	Check Audit Integrity			Comprobar la integridad de auditoría		Comprobar la integridad de auditoría	Comprobar la integridad de auditoría	Comprobar la integridad de auditoría	Vérifier l'intégrité de l'audit			Verificar a integridade da auditoria	Проверка целостности аудита	Audit-Integrität prüfen	Check Audit Integrity	Check Audit Integrity	Check Audit Integrity	Check Audit Integrity	Check Audit Integrity	Check Audit Integrity	Check Audit Integrity	Check Audit Integrity	Check Audit Integrity	Check Audit Integrity	Check Audit Integrity	Check Audit Integrity	Check Audit Integrity	Check Audit Integrity	Check Audit Integrity	
AuditIntegrity.Generate	Generate pending key			Generar la clave pendiente		Generar la clave pendiente	Generar la clave pendiente	Generar la clave pendiente	Générer la clé en attente			Gerar a chave pendente	Создать ожидающий ключ	Ausstehenden Schlüssel erzeugen	Generate pending key	Generate pending key	Generate pending key	Generate pending key	Generate pending key	Generate pending key	Generate pending key	Generate pending key	Generate pending key	Generate pending key	Generate pending key	Generate pending key	Generate pending key	Generate pending key	Generate pending key	
AuditIntegrity.PrepareDescription	Generate a signing key, photograph its fingerprint, then restart to activate it.			Genere una clave de firma, fotografíe su huella y reinicie para activarla.		Genere una clave de firma, fotografíe su huella y reinicie para activarla.	Genere una clave de firma, fotografíe su huella y reinicie para activarla.	Genere una clave de firma, fotografíe su huella y reinicie para activarla.	Générez une clé de signature, photographiez son empreinte, puis redémarrez pour l'activer.			Gere uma chave de assinatura, fotografe sua impressão digital e reinicie para ativá-la.	Создайте ключ подписи, сфотографируйте его отпечаток и перезапустите программу для активации.	Erzeugen Sie einen Signaturschlüssel, fotografieren Sie seinen Fingerabdruck und starten Sie zur Aktivierung neu.	Generate a signing key, photograph its fingerprint, then restart to activate it.	Generate a signing key, photograph its fingerprint, then restart to activate it.	Generate a signing key, photograph its fingerprint, then restart to activate it.	Generate a signing key, photograph its fingerprint, then restart to activate it.	Generate a signing key, photograph its fingerprint, then restart to activate it.	Generate a signing key, photograph its fingerprint, then restart to activate it.	Generate a signing key, photograph its fingerprint, then restart to activate it.	Generate a signing key, photograph its fingerprint, then restart to activate it.	Generate a signing key, photograph its fingerprint, then restart to activate it.	Generate a signing key, photograph its fingerprint, then restart to activate it.	Generate a signing key, photograph its fingerprint, then restart to activate it.	Generate a signing key, photograph its fingerprint, then restart to activate it.	Generate a signing key, photograph its fingerprint, then restart to activate it.	Generate a signing key, photograph its fingerprint, then restart to activate it.	Generate a signing key, photograph its fingerprint, then restart to activate it.	
AuditIntegrity.Active	Audit integrity - active			Integridad de auditoría - activa		Integridad de auditoría - activa	Integridad de auditoría - activa	Integridad de auditoría - activa	Intégrité de l'audit - active			Integridade da auditoria - ativa	Целостность аудита - активна	Audit-Integrität - aktiv	Audit integrity - active	Audit integrity - active	Audit integrity - active	Audit integrity - active	Audit integrity - active	Audit integrity - active	Audit integrity - active	Audit integrity - active	Audit integrity - active	Audit integrity - active	Audit integrity - active	Audit integrity - active	Audit integrity - active	Audit integrity - active	Audit integrity - active	
AuditIntegrity.Failed	Audit integrity - FAILED: records not sealed			Integridad de auditoría - FALLO: registros no sellados		Integridad de auditoría - FALLO: registros no sellados	Integridad de auditoría - FALLO: registros no sellados	Integridad de auditoría - FALLO: registros no sellados	Intégrité de l'audit - ÉCHEC : enregistrements non scellés			Integridade da auditoria - FALHA: registros não selados	Целостность аудита - СБОЙ: записи не запечатаны	Audit-Integrität - FEHLER: Einträge nicht versiegelt	Audit integrity - FAILED: records not sealed	Audit integrity - FAILED: records not sealed	Audit integrity - FAILED: records not sealed	Audit integrity - FAILED: records not sealed	Audit integrity - FAILED: records not sealed	Audit integrity - FAILED: records not sealed	Audit integrity - FAILED: records not sealed	Audit integrity - FAILED: records not sealed	Audit integrity - FAILED: records not sealed	Audit integrity - FAILED: records not sealed	Audit integrity - FAILED: records not sealed	Audit integrity - FAILED: records not sealed	Audit integrity - FAILED: records not sealed	Audit integrity - FAILED: records not sealed	Audit integrity - FAILED: records not sealed	
AuditIntegrity.EnvironmentOverride	The environment key takes precedence. Change the PEM secret in the environment and restart.			La clave del entorno tiene prioridad. Cambie el secreto PEM en el entorno y reinicie.		La clave del entorno tiene prioridad. Cambie el secreto PEM en el entorno y reinicie.	La clave del entorno tiene prioridad. Cambie el secreto PEM en el entorno y reinicie.	La clave del entorno tiene prioridad. Cambie el secreto PEM en el entorno y reinicie.	La clé d'environnement est prioritaire. Modifiez le secret PEM dans l'environnement et redémarrez.			A chave do ambiente tem prioridade. Altere o segredo PEM no ambiente e reinicie.	Ключ среды имеет приоритет. Измените секрет PEM в среде и перезапустите программу.	Der Umgebungsschlüssel hat Vorrang. Ändern Sie das PEM-Geheimnis in der Umgebung und starten Sie neu.	The environment key takes precedence. Change the PEM secret in the environment and restart.	The environment key takes precedence. Change the PEM secret in the environment and restart.	The environment key takes precedence. Change the PEM secret in the environment and restart.	The environment key takes precedence. Change the PEM secret in the environment and restart.	The environment key takes precedence. Change the PEM secret in the environment and restart.	The environment key takes precedence. Change the PEM secret in the environment and restart.	The environment key takes precedence. Change the PEM secret in the environment and restart.	The environment key takes precedence. Change the PEM secret in the environment and restart.	The environment key takes precedence. Change the PEM secret in the environment and restart.	The environment key takes precedence. Change the PEM secret in the environment and restart.	The environment key takes precedence. Change the PEM secret in the environment and restart.	The environment key takes precedence. Change the PEM secret in the environment and restart.	The environment key takes precedence. Change the PEM secret in the environment and restart.	The environment key takes precedence. Change the PEM secret in the environment and restart.	The environment key takes precedence. Change the PEM secret in the environment and restart.	
AuditIntegrity.PrepareConfirmation	Create a pending key? After confirmation it will replace the active key on restart. Record the new fingerprint.			¿Crear una clave pendiente? Tras la confirmación sustituirá la clave activa al reiniciar. Registre la nueva huella.		¿Crear una clave pendiente? Tras la confirmación sustituirá la clave activa al reiniciar. Registre la nueva huella.	¿Crear una clave pendiente? Tras la confirmación sustituirá la clave activa al reiniciar. Registre la nueva huella.	¿Crear una clave pendiente? Tras la confirmación sustituirá la clave activa al reiniciar. Registre la nueva huella.	Créer une clé en attente ? Après confirmation, elle remplacera la clé active au redémarrage. Conservez la nouvelle empreinte.			Criar uma chave pendente? Após a confirmação, ela substituirá a chave ativa na reinicialização. Registre a nova impressão digital.	Создать ожидающий ключ? После подтверждения он заменит активный ключ при перезапуске. Сохраните новый отпечаток.	Ausstehenden Schlüssel erstellen? Nach Bestätigung ersetzt er den aktiven Schlüssel beim Neustart. Notieren Sie den neuen Fingerabdruck.	Create a pending key? After confirmation it will replace the active key on restart. Record the new fingerprint.	Create a pending key? After confirmation it will replace the active key on restart. Record the new fingerprint.	Create a pending key? After confirmation it will replace the active key on restart. Record the new fingerprint.	Create a pending key? After confirmation it will replace the active key on restart. Record the new fingerprint.	Create a pending key? After confirmation it will replace the active key on restart. Record the new fingerprint.	Create a pending key? After confirmation it will replace the active key on restart. Record the new fingerprint.	Create a pending key? After confirmation it will replace the active key on restart. Record the new fingerprint.	Create a pending key? After confirmation it will replace the active key on restart. Record the new fingerprint.	Create a pending key? After confirmation it will replace the active key on restart. Record the new fingerprint.	Create a pending key? After confirmation it will replace the active key on restart. Record the new fingerprint.	Create a pending key? After confirmation it will replace the active key on restart. Record the new fingerprint.	Create a pending key? After confirmation it will replace the active key on restart. Record the new fingerprint.	Create a pending key? After confirmation it will replace the active key on restart. Record the new fingerprint.	Create a pending key? After confirmation it will replace the active key on restart. Record the new fingerprint.	Create a pending key? After confirmation it will replace the active key on restart. Record the new fingerprint.	
AuditIntegrity.PrepareFailed	Key preparation failed. The active key was not changed. See the application log for details.			Falló la preparación de la clave. La clave activa no se modificó. Consulte el registro de la aplicación.		Falló la preparación de la clave. La clave activa no se modificó. Consulte el registro de la aplicación.	Falló la preparación de la clave. La clave activa no se modificó. Consulte el registro de la aplicación.	Falló la preparación de la clave. La clave activa no se modificó. Consulte el registro de la aplicación.	La préparation de la clé a échoué. La clé active n'a pas changé. Consultez le journal de l'application.			Falha na preparação da chave. A chave ativa não foi alterada. Consulte o registro da aplicação.	Не удалось подготовить ключ. Активный ключ не изменён. Подробности в журнале приложения.	Schlüsselvorbereitung fehlgeschlagen. Der aktive Schlüssel wurde nicht geändert. Details im Anwendungsprotokoll.	Key preparation failed. The active key was not changed. See the application log for details.	Key preparation failed. The active key was not changed. See the application log for details.	Key preparation failed. The active key was not changed. See the application log for details.	Key preparation failed. The active key was not changed. See the application log for details.	Key preparation failed. The active key was not changed. See the application log for details.	Key preparation failed. The active key was not changed. See the application log for details.	Key preparation failed. The active key was not changed. See the application log for details.	Key preparation failed. The active key was not changed. See the application log for details.	Key preparation failed. The active key was not changed. See the application log for details.	Key preparation failed. The active key was not changed. See the application log for details.	Key preparation failed. The active key was not changed. See the application log for details.	Key preparation failed. The active key was not changed. See the application log for details.	Key preparation failed. The active key was not changed. See the application log for details.	Key preparation failed. The active key was not changed. See the application log for details.	Key preparation failed. The active key was not changed. See the application log for details.	
AuditIntegrity.ReadyToRestart	Photograph this fingerprint. Confirm restart to activate the pending key, then verify it on the About page.			Fotografíe esta huella. Confirme el reinicio para activar la clave pendiente y verifíquela en la página Acerca de.		Fotografíe esta huella. Confirme el reinicio para activar la clave pendiente y verifíquela en la página Acerca de.	Fotografíe esta huella. Confirme el reinicio para activar la clave pendiente y verifíquela en la página Acerca de.	Fotografíe esta huella. Confirme el reinicio para activar la clave pendiente y verifíquela en la página Acerca de.	Photographiez cette empreinte. Confirmez le redémarrage pour activer la clé, puis vérifiez-la sur la page À propos.			Fotografe esta impressão digital. Confirme a reinicialização para ativar a chave e verifique-a na página Sobre.	Сфотографируйте отпечаток. Подтвердите перезапуск для активации ключа и проверьте его на странице О программе.	Fotografieren Sie diesen Fingerabdruck. Bestätigen Sie den Neustart und prüfen Sie ihn auf der Info-Seite.	Photograph this fingerprint. Confirm restart to activate the pending key, then verify it on the About page.	Photograph this fingerprint. Confirm restart to activate the pending key, then verify it on the About page.	Photograph this fingerprint. Confirm restart to activate the pending key, then verify it on the About page.	Photograph this fingerprint. Confirm restart to activate the pending key, then verify it on the About page.	Photograph this fingerprint. Confirm restart to activate the pending key, then verify it on the About page.	Photograph this fingerprint. Confirm restart to activate the pending key, then verify it on the About page.	Photograph this fingerprint. Confirm restart to activate the pending key, then verify it on the About page.	Photograph this fingerprint. Confirm restart to activate the pending key, then verify it on the About page.	Photograph this fingerprint. Confirm restart to activate the pending key, then verify it on the About page.	Photograph this fingerprint. Confirm restart to activate the pending key, then verify it on the About page.	Photograph this fingerprint. Confirm restart to activate the pending key, then verify it on the About page.	Photograph this fingerprint. Confirm restart to activate the pending key, then verify it on the About page.	Photograph this fingerprint. Confirm restart to activate the pending key, then verify it on the About page.	Photograph this fingerprint. Confirm restart to activate the pending key, then verify it on the About page.	Photograph this fingerprint. Confirm restart to activate the pending key, then verify it on the About page.	
AuditIntegrity.RestartTitle	Restart to activate key			Reiniciar para activar la clave		Reiniciar para activar la clave	Reiniciar para activar la clave	Reiniciar para activar la clave	Redémarrer pour activer la clé			Reiniciar para ativar a chave	Перезапуск для активации ключа	Zur Schlüsselaktivierung neu starten	Restart to activate key	Restart to activate key	Restart to activate key	Restart to activate key	Restart to activate key	Restart to activate key	Restart to activate key	Restart to activate key	Restart to activate key	Restart to activate key	Restart to activate key	Restart to activate key	Restart to activate key	Restart to activate key	Restart to activate key	
AuditIntegrity.Generating	Generating and validating the pending key...			Generando y validando la clave pendiente...		Generando y validando la clave pendiente...	Generando y validando la clave pendiente...	Generando y validando la clave pendiente...	Génération et validation de la clé en attente...			Gerando e validando a chave pendente...	Создание и проверка ожидающего ключа...	Ausstehenden Schlüssel erzeugen und prüfen...	Generating and validating the pending key...	Generating and validating the pending key...	Generating and validating the pending key...	Generating and validating the pending key...	Generating and validating the pending key...	Generating and validating the pending key...	Generating and validating the pending key...	Generating and validating the pending key...	Generating and validating the pending key...	Generating and validating the pending key...	Generating and validating the pending key...	Generating and validating the pending key...	Generating and validating the pending key...	Generating and validating the pending key...	Generating and validating the pending key...	
AuditIntegrity.CheckPending	The integrity checker is not available yet. Its implementation follows audit-log sealing.			El verificador de integridad aún no está disponible. Se implementará después del sellado del registro de auditoría.		El verificador de integridad aún no está disponible. Se implementará después del sellado del registro de auditoría.	El verificador de integridad aún no está disponible. Se implementará después del sellado del registro de auditoría.	El verificador de integridad aún no está disponible. Se implementará después del sellado del registro de auditoría.	Le vérificateur d'intégrité n'est pas encore disponible. Il sera réalisé après le scellement du journal d'audit.			O verificador de integridade ainda não está disponível. Será implementado após a selagem do registro de auditoria.	Проверка целостности пока недоступна. Она будет реализована после опечатывания журнала аудита.	Die Integritätsprüfung ist noch nicht verfügbar. Sie folgt nach der Versiegelung der Audit-Protokolle.	The integrity checker is not available yet. Its implementation follows audit-log sealing.	The integrity checker is not available yet. Its implementation follows audit-log sealing.	The integrity checker is not available yet. Its implementation follows audit-log sealing.	The integrity checker is not available yet. Its implementation follows audit-log sealing.	The integrity checker is not available yet. Its implementation follows audit-log sealing.	The integrity checker is not available yet. Its implementation follows audit-log sealing.	The integrity checker is not available yet. Its implementation follows audit-log sealing.	The integrity checker is not available yet. Its implementation follows audit-log sealing.	The integrity checker is not available yet. Its implementation follows audit-log sealing.	The integrity checker is not available yet. Its implementation follows audit-log sealing.	The integrity checker is not available yet. Its implementation follows audit-log sealing.	The integrity checker is not available yet. Its implementation follows audit-log sealing.	The integrity checker is not available yet. Its implementation follows audit-log sealing.	The integrity checker is not available yet. Its implementation follows audit-log sealing.	The integrity checker is not available yet. Its implementation follows audit-log sealing.	
AuditIntegrity.Off	Audit integrity - off			Integridad de auditoría - desactivada		Integridad de auditoría - desactivada	Integridad de auditoría - desactivada	Integridad de auditoría - desactivada	Intégrité de l'audit - désactivée			Integridade da auditoria - desativada	Целостность аудита - выключена	Audit-Integrität - aus	Audit integrity - off	Audit integrity - off	Audit integrity - off	Audit integrity - off	Audit integrity - off	Audit integrity - off	Audit integrity - off	Audit integrity - off	Audit integrity - off	Audit integrity - off	Audit integrity - off	Audit integrity - off	Audit integrity - off	Audit integrity - off	Audit integrity - off	
AuditIntegrity.Builtin	Built-in key - no protection			Clave integrada - sin protección		Clave integrada - sin protección	Clave integrada - sin protección	Clave integrada - sin protección	Clé intégrée - aucune protection			Chave integrada - sem proteção	Встроенный ключ - нет защиты	Integrierter Schlüssel - kein Schutz	Built-in key - no protection	Built-in key - no protection	Built-in key - no protection	Built-in key - no protection	Built-in key - no protection	Built-in key - no protection	Built-in key - no protection	Built-in key - no protection	Built-in key - no protection	Built-in key - no protection	Built-in key - no protection	Built-in key - no protection	Built-in key - no protection	Built-in key - no protection	Built-in key - no protection	
AuditIntegrity.ForcedByKey	Integrity mode is forced on by the key. Remove the key configuration and restart before disabling it.			La clave activa el modo de integridad. Elimine la configuración de la clave y reinicie antes de desactivarlo.		La clave activa el modo de integridad. Elimine la configuración de la clave y reinicie antes de desactivarlo.	La clave activa el modo de integridad. Elimine la configuración de la clave y reinicie antes de desactivarlo.	La clave activa el modo de integridad. Elimine la configuración de la clave y reinicie antes de desactivarlo.	La clé impose le mode d'intégrité. Supprimez la configuration de clé et redémarrez avant de le désactiver.			A chave ativa o modo de integridade. Remova a configuração da chave e reinicie antes de desativá-lo.	Ключ принудительно включает режим целостности. Удалите настройку ключа и перезапустите перед отключением.	Der Schlüssel erzwingt den Integritätsmodus. Entfernen Sie die Schlüsselkonfiguration und starten Sie vor dem Deaktivieren neu.	Integrity mode is forced on by the key. Remove the key configuration and restart before disabling it.	Integrity mode is forced on by the key. Remove the key configuration and restart before disabling it.	Integrity mode is forced on by the key. Remove the key configuration and restart before disabling it.	Integrity mode is forced on by the key. Remove the key configuration and restart before disabling it.	Integrity mode is forced on by the key. Remove the key configuration and restart before disabling it.	Integrity mode is forced on by the key. Remove the key configuration and restart before disabling it.	Integrity mode is forced on by the key. Remove the key configuration and restart before disabling it.	Integrity mode is forced on by the key. Remove the key configuration and restart before disabling it.	Integrity mode is forced on by the key. Remove the key configuration and restart before disabling it.	Integrity mode is forced on by the key. Remove the key configuration and restart before disabling it.	Integrity mode is forced on by the key. Remove the key configuration and restart before disabling it.	Integrity mode is forced on by the key. Remove the key configuration and restart before disabling it.	Integrity mode is forced on by the key. Remove the key configuration and restart before disabling it.	Integrity mode is forced on by the key. Remove the key configuration and restart before disabling it.	Integrity mode is forced on by the key. Remove the key configuration and restart before disabling it.	
AuditIntegrity.RestartRequired	Restart OWLCMS to load the audit-key startup configuration.			Reinicie OWLCMS para cargar la configuración inicial de claves de auditoría.		Reinicie OWLCMS para cargar la configuración inicial de claves de auditoría.	Reinicie OWLCMS para cargar la configuración inicial de claves de auditoría.	Reinicie OWLCMS para cargar la configuración inicial de claves de auditoría.	Redémarrez OWLCMS pour charger la configuration initiale de la clé d’audit.			Reinicie o OWLCMS para carregar a configuração inicial da chave de auditoria.	Перезапустите OWLCMS для загрузки начальной настройки ключа аудита.	Starten Sie OWLCMS neu, um die Audit-Schlüsselkonfiguration zu laden.	Restart OWLCMS to load the audit-key startup configuration.	Restart OWLCMS to load the audit-key startup configuration.	Restart OWLCMS to load the audit-key startup configuration.	Restart OWLCMS to load the audit-key startup configuration.	Restart OWLCMS to load the audit-key startup configuration.	Restart OWLCMS to load the audit-key startup configuration.	Restart OWLCMS to load the audit-key startup configuration.	Restart OWLCMS to load the audit-key startup configuration.	Restart OWLCMS to load the audit-key startup configuration.	Restart OWLCMS to load the audit-key startup configuration.	Restart OWLCMS to load the audit-key startup configuration.	Restart OWLCMS to load the audit-key startup configuration.	Restart OWLCMS to load the audit-key startup configuration.	Restart OWLCMS to load the audit-key startup configuration.	Restart OWLCMS to load the audit-key startup configuration.	
AuditSnapshot.Title	Audit Log Snapshot			Instantánea de los registros de auditoría		Instantánea de los registros de auditoría	Instantánea de los registros de auditoría	Instantánea de los registros de auditoría	Instantané des journaux d'audit			Instantâneo dos registros de auditoria	Снимок журналов аудита	Momentaufnahme der Audit-Protokolle	Audit Log Snapshot	Audit Log Snapshot	Audit Log Snapshot	Audit Log Snapshot	Audit Log Snapshot	Audit Log Snapshot	Audit Log Snapshot	Audit Log Snapshot	Audit Log Snapshot	Audit Log Snapshot	Audit Log Snapshot	Audit Log Snapshot	Audit Log Snapshot	Audit Log Snapshot	Audit Log Snapshot	
AuditSnapshot.Description	Closes the current audit log files so they are complete and sealed, then downloads a zip for copying to removable media.			Cierra los archivos de registro de auditoría actuales para que estén completos y sellados, y luego descarga un zip para copiarlo en un soporte extraíble.		Cierra los archivos de registro de auditoría actuales para que estén completos y sellados, y luego descarga un zip para copiarlo en un soporte extraíble.	Cierra los archivos de registro de auditoría actuales para que estén completos y sellados, y luego descarga un zip para copiarlo en un soporte extraíble.	Cierra los archivos de registro de auditoría actuales para que estén completos y sellados, y luego descarga un zip para copiarlo en un soporte extraíble.	Ferme les fichiers de journal d'audit en cours pour qu'ils soient complets et scellés, puis télécharge un zip à copier sur un support amovible.			Fecha os arquivos de registro de auditoria atuais para que fiquem completos e selados, depois baixa um zip para copiar em mídia removível.	Закрывает текущие файлы журнала аудита, чтобы они были полными и запечатанными, затем загружает zip для копирования на съёмный носитель.	Schließt die aktuellen Audit-Protokolldateien, damit sie vollständig und versiegelt sind, und lädt dann ein Zip zum Kopieren auf einen Wechseldatenträger herunter.	Closes the current audit log files so they are complete and sealed, then downloads a zip for copying to removable media.	Closes the current audit log files so they are complete and sealed, then downloads a zip for copying to removable media.	Closes the current audit log files so they are complete and sealed, then downloads a zip for copying to removable media.	Closes the current audit log files so they are complete and sealed, then downloads a zip for copying to removable media.	Closes the current audit log files so they are complete and sealed, then downloads a zip for copying to removable media.	Closes the current audit log files so they are complete and sealed, then downloads a zip for copying to removable media.	Closes the current audit log files so they are complete and sealed, then downloads a zip for copying to removable media.	Closes the current audit log files so they are complete and sealed, then downloads a zip for copying to removable media.	Closes the current audit log files so they are complete and sealed, then downloads a zip for copying to removable media.	Closes the current audit log files so they are complete and sealed, then downloads a zip for copying to removable media.	Closes the current audit log files so they are complete and sealed, then downloads a zip for copying to removable media.	Closes the current audit log files so they are complete and sealed, then downloads a zip for copying to removable media.	Closes the current audit log files so they are complete and sealed, then downloads a zip for copying to removable media.	Closes the current audit log files so they are complete and sealed, then downloads a zip for copying to removable media.	Closes the current audit log files so they are complete and sealed, then downloads a zip for copying to removable media.	
AuditSnapshot.LOGS	Audit logs only			Solo registros de auditoría		Solo registros de auditoría	Solo registros de auditoría	Solo registros de auditoría	Journaux d'audit seulement			Apenas registros de auditoria	Только журналы аудита	Nur Audit-Protokolle	Audit logs only	Audit logs only	Audit logs only	Audit logs only	Audit logs only	Audit logs only	Audit logs only	Audit logs only	Audit logs only	Audit logs only	Audit logs only	Audit logs only	Audit logs only	Audit logs only	Audit logs only	
AuditSnapshot.LOGS_AND_EXPORT	Audit logs and database export			Registros de auditoría y exportación de la base de datos		Registros de auditoría y exportación de la base de datos	Registros de auditoría y exportación de la base de datos	Registros de auditoría y exportación de la base de datos	Journaux d'audit et exportation de la base de données			Registros de auditoria e exportação do banco de dados	Журналы аудита и экспорт базы данных	Audit-Protokolle und Datenbankexport	Audit logs and database export	Audit logs and database export	Audit logs and database export	Audit logs and database export	Audit logs and database export	Audit logs and database export	Audit logs and database export	Audit logs and database export	Audit logs and database export	Audit logs and database export	Audit logs and database export	Audit logs and database export	Audit logs and database export	Audit logs and database export	Audit logs and database export	
AuditSnapshot.LOGS_EXPORT_AND_LOCAL	Audit logs, database export and local folder			Registros de auditoría, exportación de la base de datos y carpeta local		Registros de auditoría, exportación de la base de datos y carpeta local	Registros de auditoría, exportación de la base de datos y carpeta local	Registros de auditoría, exportación de la base de datos y carpeta local	Journaux d'audit, exportation de la base de données et dossier local			Registros de auditoria, exportação do banco de dados e pasta local	Журналы аудита, экспорт базы данных и локальная папка	Audit-Protokolle, Datenbankexport und lokaler Ordner	Audit logs, database export and local folder	Audit logs, database export and local folder	Audit logs, database export and local folder	Audit logs, database export and local folder	Audit logs, database export and local folder	Audit logs, database export and local folder	Audit logs, database export and local folder	Audit logs, database export and local folder	Audit logs, database export and local folder	Audit logs, database export and local folder	Audit logs, database export and local folder	Audit logs, database export and local folder	Audit logs, database export and local folder	Audit logs, database export and local folder	Audit logs, database export and local folder	
AuditSnapshot.Download	Download snapshot			Descargar la instantánea		Descargar la instantánea	Descargar la instantánea	Descargar la instantánea	Télécharger l'instantané			Baixar o instantâneo	Загрузить снимок	Momentaufnahme herunterladen	Download snapshot	Download snapshot	Download snapshot	Download snapshot	Download snapshot	Download snapshot	Download snapshot	Download snapshot	Download snapshot	Download snapshot	Download snapshot	Download snapshot	Download snapshot	Download snapshot	Download snapshot	
