key	en	en_US	en_CA	es	es_419	es_ES	es_SV	es_EC	fr	fr_CA	fr_FR	pt	ru	de	sv	da	fi	no	fo	fo_ia	hu	ro	pl	hy	he	ar	el	ja	zh_HANT	et	ia
Competition.teamPoints3rd	Team Points for 3rd place	Team Points for 3rd place	Team Points for 3rd place	Puntos de Equipo para 3er lugar	Puntos de Equipo para 3er lugar	Puntos de Equipo para 3er lugar	Puntos de Equipo para 3er lugar	Puntos de Equipo para 3er lugar	Points d'équipe pour la 3ème place	Points d'équipe pour la 3ème place	Points d'équipe pour la 3ème place	Pontos de Equipe para 3º lugar	Командные очки за 3-е место	Teampunkte für 3. Platz	Lagpoäng för 3:a plats	Holdpoint for 3. plads	Joukkuepisteet 3. sijalle	Lagpoeng for 3. plass	Liðsstig fyri 3. pláss	Liðsstig fyri 3. pláss	Csapatpontok a 3. helyért	Puncte de Echipă pentru locul 3	Punkty Drużynowe za 3. miejsce	Թիմային միավորներ 3-րդ տեղի համար	נקודות קבוצה למקום 3	نقاط الفريق للمركز الثالث	Βαθμοί Ομάδας για 3η θέση	3位のチームポイント	第三名團隊積分	Meeskonna punktid 3. koha eest	Punctos de equipa pro le 3tie placia
CompetitionSecretary1	Competition Secretary 1	Competition Secretary 1	Competition Secretary 1	Secretario de competición 1	Secretario de competición 1	Secretario de competición 1	Secretario de competición 1	Secretario de competencia 1	Secrétaire de compétition 1	Secrétaire de compétition 1	Secrétaire de compétition 1	Secretário de competição 1	Секретарь соревнований 1	Wettkampfsekretär 1	Tävlingssekreterare 1	Konkurrencesekretær 1	Kilpailusihteeri 1	Konkurransesekretær 1	Competition Secretary 1	Competition Secretary 1	Versenytitkár 1	Secretar de competiție 1	Sekretarz zawodów 1	Մրցույթի քարտուղար 1	מזכיר תחרות 1	سكرتير المنافسة 1	Γραμματέας αγώνων 1	競技書記1	競賽秘書1	Võistlussekretär 1	Competition Secretary 1		Competition Secretary 1
Doctor1	Doctor 1			Médico 1		Médico 1	Médico 1	Médico 1	Médecin 1		Médecin 1	Médico 1	Врач 1	Arzt 1	Läkare 1	Læge 1	Lääkäri 1	Lege 1	Doctor 1		Orvos 1	Medic 1	Lekarz 1	Բժիշկ 1	רופא 1	طبيب 1	Γιατρός 1	医師 1	醫生 1	Arst 1
Doctor2	Doctor 2			Médico 2		Médico 2	Médico 2	Médico 2	Médecin 2		Médecin 2	Médico 2	Врач 2	Arzt 2	Läkare 2	Læge 2	Lääkäri 2	Lege 2	Doctor 2		Orvos 2	Medic 2	Lekarz 2	Բժիշկ 2	רופא 2	طبيب 2	Γιατρός 2	医師 2	醫生 2	Arst 2
Doctor3	Doctor 3			Médico 3		Médico 3	Médico 3	Médico 3	Médecin 3		Médecin 3	Médico 3	Врач 3	Arzt 3	Läkare 3	Læge 3	Lääkäri 3	Lege 3	Doctor 3		Orvos 3	Medic 3	Lekarz 3	Բժիշկ 3	רופא 3	طبيب 3	Γιατρός 3	医師 3	醫生 3	Arst 3
OfficialRole.JURY_MEMBER	Jury Member	Jury Member	Jury Member	Miembro del Jurado	Miembro del Jurado	Miembro del Jurado	Miembro del Jurado	Miembro del Jurado	Membre du Jury	Membre du Jury	Membre du Jury	Membro do Júri	Член жюри	Geschworener	Jurymedlem	Juryledamot	Tuomariston jäsen	Juryledetam	Juryledetam	Juryledetam	Esküdt tag	Membru al juriului	Członek Jury	陪審員անդամ	חבר חלוקה	عضو لجنة التحكيم	Μέλος της διοικητικής επιτροπής	陪審員	陪審團成員	Žürii liige	Membre del jury
OfficialRole.REFEREE	Referee	Referee	Referee	Árbitro	Árbitro	Árbitro	Árbitro	Árbitro	Arbitre	Arbitre	Arbitre	Árbitro	Арбитр	Schiedsrichter	Domare	Dommer	Tuomari	Dommer	Dommer	Dommer	Bíró	Arbitru	Sędzia	Հայց	שופט	حكم	Διαιτητής	審判	裁判	Kohtunuik	Arbitre
TechnicalOfficial.Accreditation	Accreditation			Acreditación		Acreditación	Acreditación	Acreditación	Accréditation		Accréditation	Credenciamento	Аккредитация	Akkreditierung	Ackreditering	Akkreditering	Akkreditointi	Akkreditering	Accreditation		Akkreditáció	Acreditare	Akredytacja	Ակրեդիտացիա	הסמכה	الاعتماد	Διαπίστευση	認定	認證	Akrediteerimine	Accreditation		Accreditation
TechnicalOfficial.OfficialRole	Official Role	Official Role	Official Role	Función de Official	Función de Official	Función de Official	Función de Official	Función de Official	Rôle Officiel	Rôle Officiel	Rôle Officiel	Função Oficial	Официальная роль	Offizielle Rolle	Officiell roll	Officiel rolle	Virallinen rooli	Offisiell rolle	Offisiell rolle	Offisiell rolle	Hivatal szerep	Rol oficial	Rola oficjalna	Պաշտոնական դեր	תפקיד רשמי	دور رسمي	Επίσημος ρόλος	公式的役割	公式角色	Ametlik roll	Rol oficial
TechnicalOfficials.OfficialRole	Role			Rol		Rol	Rol	Rol	Rôle		Rôle	Função	Роль	Rolle	Roll	Rolle	Rooli	Rolle	Role		Szerep	Rol	Rola	Դեր	תפקיד	الدور	Ρόλος	役割	角色	Roll	Role		Role
Timetable.AssignmentGenerationFailed	Failed to generate session assignments	Failed to generate session assignments	Failed to generate session assignments	Error al generar asignaciones de sesión	Error al generar asignaciones de sesión	Error al generar asignaciones de sesión	Error al generar asignaciones de sesión	Error al generar asignaciones de sesión	Échec de la génération des affectations	Échec de la génération des affectations	Échec de la génération des affectations	Falha ao gerar atribuições de sessão	Не удалось создать назначения	Fehler beim Erstellen der Zuweisungen	Misslyckades generera tilldelningar	Kunne ikke oprette tildelinger	Tehtävien luominen epäonnistui	Kunne ikke opprette oppgaver	Miseydnaðist at gera uppgávur	Falta generar le assignationes	Nem sikerült létrehozni a hozzárendeléseket	Eșec la generarea atribuirilor	Nie udało się wygenerować przypisań	Չհաջողվեց ստեղծել հանձնարարականները	נכשל ביצירת הקצאות	فشل إنشاء التعيينات	Αποτυχία δημιουργίας αναθέσεων	割り当ての生成に失敗しました	生成分配失敗	Määramiste loomine ebaõnnestus	Falta generar le assignationes
Timetable.AssignmentsGenerated	{0} session assignments generated			{0} asignaciones de sesión generadas		{0} asignaciones de sesión generadas	{0} asignaciones de sesión generadas	{0} asignaciones de sesión generadas	{0} affectations de session générées		{0} affectations de session générées	{0} atribuições de sessão geradas	Создано {0} назначений сессий	{0} Sitzungszuweisungen generiert	{0} sessionstilldelningar genererade	{0} sessionstildelinger genereret	{0} istuntojen tehtävää luotu	{0} øktoppgaver generert	{0} session assignments generated		{0} ülésbeosztás generálva	{0} atribuiri de sesiune generate	Wygenerowano {0} przydziałów sesji	Ստեղծվել է {0} նիստի նշանակում	נוצרו {0} הקצאות מושב	تم إنشاء {0} تعيين جلسة	Δημιουργήθηκαν {0} αναθέσεις συνεδρίας	{0}セッション割り当てが生成されました	已生成{0}個會議分配	Loodi {0} sessioonide ülesannet	{0} session assignments generated		{0} session assignments generated
Timetable.entries	entries	entries	entries	entradas	entradas	entradas	entradas	entradas	entrées	entrées	entrées	entradas	записи	Einträge	poster	poster	merkinnät	oppføringer	oppføringer	oppføringer	bejegyzések	înregistrări	wpisy	մուտքեր	הערכות	إدخالات	καταχωρήσεις	エントリ	エントリ	kirjed	entrées
Timetable.ExportTimetable	Export Timetable			Exportar horario		Exportar horario	Exportar horario	Exportar horario	Exporter l'horaire		Exporter l'horaire	Exportar cronograma	Экспорт расписания	Zeitplan exportieren	Exportera tidsplan	Eksporter tidsplan	Vie aikataulu	Eksporter timeplan	Export Timetable		Ütemterv exportálása	Exportă programul	Eksportuj harmonogram	Արտահանել ժամանակացույցը	ייצא לוח זמנים	تصدير الجدول الزمني	Εξαγωγή χρονοδιαγράμματος	タイムテーブルをエクスポート	匯出時間表	Ekspordi ajakava	Export Timetable		Export Timetable
Timetable.GenerateSessionAssignments	Generate Session Assignments			Generar asignaciones de sesión		Generar asignaciones de sesión	Generar asignaciones de sesión	Generar asignaciones de sesión	Générer les affectations de session		Générer les affectations de session	Gerar atribuições de sessão	Создать назначения сессий	Sitzungszuweisungen generieren	Generera sessionstilldelningar	Generer sessionstildelinger	Luo istuntojen tehtävät	Generer øktoppgaver	Generate Session Assignments		Ülésbeosztások generálása	Generează atribuiri de sesiune	Generuj przydziały sesji	Ստեղծել նիստի նշանակումներ	צור הקצאות מושב	إنشاء تعيينات الجلسة	Δημιουργία αναθέσεων συνεδρίας	セッション割り当てを生成	生成會議分配	Loo sessioonide ülesanded	Generate Session Assignments		Generate Session Assignments
Timetable.ImportedSuccessfully	Timetable imported successfully			Horario importado exitosamente		Horario importado exitosamente	Horario importado exitosamente	Horario importado exitosamente	Horaire importé avec succès		Horaire importé avec succès	Cronograma importado com sucesso	Расписание успешно импортировано	Zeitplan erfolgreich importiert	Tidsplan importerad	Tidsplan importeret	Aikataulu tuotu onnistuneesti	Timeplan importert	Timetable imported successfully		Ütemterv sikeresen importálva	Program importat cu succes	Harmonogram zaimportowany pomyślnie	Ժամանակացույցը հաջողությամբ ներմուծվել է	לוח הזמנים יובא בהצלחה	تم استيراد الجدول الزمني بنجاح	Το χρονοδιάγραμμα εισήχθη επιτυχώς	タイムテーブルが正常にインポートされました	時間表匯入成功	Ajakava imporditi edukalt	Timetable imported successfully		Timetable imported successfully
Timetable.ImportFailed	Timetable import failed			Importación de horario falló		Importación de horario falló	Importación de horario falló	Importación de horario falló	L'importation de l'horaire a échoué		L'importation de l'horaire a échoué	Falha na importação do cronograma	Ошибка импорта расписания	Zeitplan-Import fehlgeschlagen	Tidsplansimport misslyckades	Tidsplansimport fejlede	Aikataulun tuonti epäonnistui	Tidsplansimport mislyktes	Timetable import failed		Ütemterv importálása sikertelen	Importul programului a eșuat	Import harmonogramu nie powiódł się	Ժամանակացույցի ներմուծումը ձախողվեց	ייבוא לוח הזמנים נכשל	فشل استيراد الجدول الزمني	Η εισαγωγή χρονοδιαγράμματος απέτυχε	タイムテーブルのインポートに失敗しました	時間表匯入失敗	Ajakava import ebaõnnestus	Timetable import failed		Timetable import failed
Timetable.ImportTimetable	Import Timetable			Importar horario		Importar horario	Importar horario	Importar horario	Importer l'horaire		Importer l'horaire	Importar cronograma	Импорт расписания	Zeitplan importieren	Importera tidsplan	Importer tidsplan	Tuo aikataulu	Importer timeplan	Import Timetable		Ütemterv importálása	Importă programul	Importuj harmonogram	Ներմուծել ժամանակացույցը	ייבא לוח זמנים	استيراد الجدول الزمني	Εισαγωγή χρονοδιαγράμματος	タイムテーブルをインポート	匯入時間表	Impordi ajakava	Import Timetable		Import Timetable
Timetable.IWFTeamAssignments	IWF Team Assignments			Asignaciones de equipos IWF		Asignaciones de equipos IWF	Asignaciones de equipos IWF	Asignaciones de equipos IWF	Affectations d'équipe IWF		Affectations d'équipe IWF	Atribuições de equipe IWF	Назначения команд IWF	IWF-Teamzuweisungen	IWF-laguppgifter	IWF-holdopgaver	IWF-joukkuetehtävät	IWF-lagoppgaver	IWF Team Assignments		IWF csapatbeosztások	Atribuiri echipă IWF	Przydziały drużyn IWF	IWF թիմային նշանակումներ	הקצאות צוות IWF	تعيينات فريق IWF	Αναθέσεις ομάδας IWF	IWFチーム割り当て	IWF團隊分配	IWF meeskonna ülesanded	IWF Team Assignments		IWF Team Assignments
Timetable.NoEntriesFound	No timetable entries found			No se encontraron entradas de horario		No se encontraron entradas de horario	No se encontraron entradas de horario	No se encontraron entradas de horario	Aucune entrée d'horaire trouvée		Aucune entrée d'horaire trouvée	Nenhuma entrada de cronograma encontrada	Записи расписания не найдены	Keine Zeitplaneinträge gefunden	Inga tidsplansposter hittades	Ingen tidsplansposter fundet	Aikataulukirjauksia ei löytynyt	Ingen tidsplanoppføringer funnet	No timetable entries found		Nincsenek ütemterv-bejegyzések	Nu s-au găsit intrări în program	Nie znaleziono wpisów harmonogramu	Ժամանակացույցի գրառումներ չեն գտնվել	לא נמצאו רשומות לוח זמנים	لم يتم العثور على إدخالات الجدول الزمني	Δεν βρέθηκαν καταχωρήσεις χρονοδιαγράμματος	タイムテーブルエントリが見つかりませんでした	找不到時間表條目	Ajakava kirjeid ei leitud	No timetable entries found		No timetable entries found
Timetable.SelectCSVFile	Select a CSV file to import	Select a CSV file to import	Select a CSV file to import	Seleccione un archivo CSV para importar	Seleccione un archivo CSV para importar	Seleccione un archivo CSV para importar	Seleccione un archivo CSV para importar	Seleccione un archivo CSV para importar	Sélectionnez un fichier CSV à importer	Sélectionnez un fichier CSV à importer	Sélectionnez un fichier CSV à importer	Selecione um arquivo CSV para importar	Выберите файл CSV для импорта	Wählen Sie eine CSV-Datei zum Importieren	Välj en CSV-fil att importera	Vælg en CSV-fil til import	Valitse CSV-tiedosto tuotavaksi	Velg en CSV-fil for å importere	Velg en CSV-fil for å importere	Velg en CSV-fil for å importere	CSV fájl kiválasztása az importáláshoz	Selectați un fișier CSV de importat	Wybierz plik CSV do importu	Ընտրեք CSV ֆայլ ներմուծելու համար	בחר קובץ CSV לייבוא	اختر ملف CSV للاستيراد	Επιλέξτε ένα αρχείο CSV για εισαγωγή	インポートするCSVファイルを選択	インポートするCSVファイルを選択	Valige CSV-fail importimiseks	Sélectionnez un fichier CSV à importer
Timetable.SelectXLSXFile	Select an XLSX file with timetable entries			Seleccione un archivo XLSX con entradas de horario		Seleccione un archivo XLSX con entradas de horario	Seleccione un archivo XLSX con entradas de horario	Seleccione un archivo XLSX con entradas de horario	Sélectionnez un fichier XLSX avec des entrées d'horaire		Sélectionnez un fichier XLSX avec des entrées d'horaire	Selecione um arquivo XLSX com entradas de cronograma	Выберите файл XLSX с записями расписания	Wählen Sie eine XLSX-Datei mit Zeitplaneinträgen	Välj en XLSX-fil med tidsplansposter	Vælg en XLSX-fil med tidsplansposter	Valitse XLSX-tiedosto aikataulukirjauksilla	Velg en XLSX-fil med tidsplanoppføringer	Select an XLSX file with timetable entries		Válasszon egy XLSX-fájlt ütemterv-bejegyzésekkel	Selectați un fișier XLSX cu intrări în program	Wybierz plik XLSX z wpisami harmonogramu	Ընտրեք XLSX ֆայլ ժամանակացույցի գրառումներով	בחר קובץ XLSX עם רשומות לוח זמנים	حدد ملف XLSX يحتوي على إدخالات الجدول الزمني	Επιλέξτε ένα αρχείο XLSX με καταχωρήσεις χρονοδιαγράμματος	タイムテーブルエントリを含むXLSXファイルを選択してください	選擇包含時間表條目的XLSX文件	Valige XLSX-fail ajakava kirjetega	Select an XLSX file with timetable entries		Select an XLSX file with timetable entries
Timetable.UploadFailed	Upload failed	Upload failed	Upload failed	La carga falló	La carga falló	La carga falló	La carga falló	La carga falló	Le téléchargement a échoué	Le téléchargement a échoué	Le téléchargement a échoué	Upload falhou	Загрузка не удалась	Upload fehlgeschlagen	Uppladdningen misslyckades	Upload mislykkedes	Lataus epäonnistui	Opplasting mislyktes	Opplasting mislyktes	Opplasting mislyktes	Feltöltés sikertelen	Încărcarea a eșuat	Plik nie został załadowany	Վերբեռնում ձախողվել	ההעלאה נכשלה	فشل التحميل	Η μεταφόρτωση απέτυχε	アップロード失敗	アップロード失敗	Üleslaadimine ebaõnnestus	Le téléchargement a échoué
